{
    "CENTER_HEAD_1": [
        0.057373952120542526,
        -0.6325446963310242,
        -0.1357465386390686
    ],
    "CENTER_HEAD_2": [
        0.05666975677013397,
        -0.633150577545166,
        -0.13616150617599487
    ],
    "CENTER_HEAD_3": [
        0.05574255436658859,
        -0.633351743221283,
        -0.13643187284469604
    ],
    "CENTER_HEAD_4": [
        0.054823435842990875,
        -0.633571982383728,
        -0.13772690296173096
    ],
    "CENTER_HEAD_5": [
        0.05404125154018402,
        -0.6336097121238708,
        -0.13860473036766052
    ],
    "CENTER_HEAD_6": [
        0.05325745791196823,
        -0.6335854530334473,
        -0.13957738876342773
    ],
    "CENTER_HEAD_7": [
        0.052037693560123444,
        -0.6336466670036316,
        -0.14004255831241608
    ],
    "CENTER_HEAD_8": [
        0.05034502595663071,
        -0.6335943341255188,
        -0.14081275463104248
    ],
    "CENTER_HEAD_9": [
        0.04916320741176605,
        -0.6331419944763184,
        -0.14232736825942993
    ],
    "CENTER_HEAD_10": [
        0.0486113578081131,
        -0.6331275701522827,
        -0.1428793966770172
    ],
    "CENTER_HEAD_11": [
        0.04766734689474106,
        -0.6326225399971008,
        -0.14351633191108704
    ],
    "CENTER_HEAD_12": [
        0.04605061188340187,
        -0.631963849067688,
        -0.14299845695495605
    ],
    "CENTER_HEAD_13": [
        0.046369366347789764,
        -0.631039023399353,
        -0.1438351273536682
    ],
    "CENTER_HEAD_14": [
        0.04584180563688278,
        -0.6300437450408936,
        -0.1437356323003769
    ],
    "CENTER_HEAD_15": [
        0.045033931732177734,
        -0.6288636922836304,
        -0.14384451508522034
    ],
    "CENTER_HEAD_16": [
        0.043087877333164215,
        -0.6277292370796204,
        -0.14455056190490723
    ],
    "CENTER_HEAD_17": [
        0.041159335523843765,
        -0.6270718574523926,
        -0.1457095891237259
    ],
    "CENTER_HEAD_18": [
        0.03965647891163826,
        -0.6259918212890625,
        -0.14688467979431152
    ],
    "CENTER_HEAD_19": [
        0.039339207112789154,
        -0.6252654194831848,
        -0.14633426070213318
    ],
    "CENTER_HEAD_20": [
        0.038816384971141815,
        -0.6244567632675171,
        -0.14670944213867188
    ],
    "CENTER_HEAD_21": [
        0.037732578814029694,
        -0.6241351366043091,
        -0.14695705473423004
    ],
    "CENTER_HEAD_22": [
        0.03771362453699112,
        -0.6238986253738403,
        -0.14811643958091736
    ],
    "CENTER_HEAD_23": [
        0.03703959658741951,
        -0.6231634616851807,
        -0.14992105960845947
    ],
    "CENTER_HEAD_24": [
        0.036613576114177704,
        -0.6231041550636292,
        -0.15077516436576843
    ],
    "CENTER_HEAD_25": [
        0.035516198724508286,
        -0.623070478439331,
        -0.1510637402534485
    ],
    "CENTER_HEAD_26": [
        0.03485050052404404,
        -0.6231633424758911,
        -0.15258917212486267
    ],
    "CENTER_HEAD_27": [
        0.03353681415319443,
        -0.623031497001648,
        -0.1549622118473053
    ],
    "CENTER_HEAD_28": [
        0.033682212233543396,
        -0.6228867173194885,
        -0.15652583539485931
    ],
    "CENTER_HEAD_29": [
        0.03279886394739151,
        -0.6224905848503113,
        -0.15869608521461487
    ],
    "CENTER_HEAD_30": [
        0.03206571936607361,
        -0.6224391460418701,
        -0.15938769280910492
    ],
    "CENTER_HEAD_31": [
        0.03230445459485054,
        -0.6222469806671143,
        -0.16007451713085175
    ],
    "CENTER_HEAD_32": [
        0.03314267471432686,
        -0.6216394901275635,
        -0.1613236665725708
    ],
    "CENTER_HEAD_33": [
        0.03415530174970627,
        -0.621901273727417,
        -0.16069111227989197
    ],
    "CENTER_HEAD_34": [
        0.03523348271846771,
        -0.6219853162765503,
        -0.15966764092445374
    ],
    "CENTER_HEAD_35": [
        0.03530046343803406,
        -0.6216106414794922,
        -0.16023291647434235
    ],
    "CENTER_HEAD_36": [
        0.0336536280810833,
        -0.6208226084709167,
        -0.16205386817455292
    ],
    "CENTER_HEAD_37": [
        0.03401804715394974,
        -0.6214131116867065,
        -0.1621713638305664
    ],
    "CENTER_HEAD_38": [
        0.03417404368519783,
        -0.6216521263122559,
        -0.1623411774635315
    ],
    "CENTER_HEAD_39": [
        0.03341837599873543,
        -0.6222218871116638,
        -0.1620764285326004
    ],
    "CENTER_HEAD_40": [
        0.03388453274965286,
        -0.6225255727767944,
        -0.16219940781593323
    ],
    "CENTER_HEAD_41": [
        0.03504319489002228,
        -0.6224830150604248,
        -0.16289490461349487
    ],
    "CENTER_HEAD_42": [
        0.03660505264997482,
        -0.6233541965484619,
        -0.1609136164188385
    ],
    "CENTER_HEAD_43": [
        0.039482057094573975,
        -0.6244350671768188,
        -0.15846186876296997
    ],
    "CENTER_HEAD_44": [
        0.04100326821208,
        -0.6254247426986694,
        -0.15733756124973297
    ],
    "CENTER_HEAD_45": [
        0.04074132442474365,
        -0.6267317533493042,
        -0.15710504353046417
    ],
    "CENTER_HEAD_46": [
        0.04286967217922211,
        -0.6281396746635437,
        -0.15490612387657166
    ],
    "CENTER_HEAD_47": [
        0.04570275545120239,
        -0.6297153234481812,
        -0.15236760675907135
    ],
    "CENTER_HEAD_48": [
        0.04841575399041176,
        -0.6308349370956421,
        -0.14988359808921814
    ],
    "CENTER_HEAD_49": [
        0.050841569900512695,
        -0.6309818029403687,
        -0.1482071578502655
    ],
    "CENTER_HEAD_50": [
        0.05322566628456116,
        -0.6313661932945251,
        -0.14637073874473572
    ],
    "CENTER_HEAD_51": [
        0.05516733229160309,
        -0.6320703625679016,
        -0.14216314256191254
    ],
    "CENTER_HEAD_52": [
        0.0577220618724823,
        -0.6318652629852295,
        -0.13908816874027252
    ],
    "CENTER_HEAD_53": [
        0.05909707397222519,
        -0.6313727498054504,
        -0.1366249918937683
    ],
    "CENTER_HEAD_54": [
        0.060723017901182175,
        -0.6315302848815918,
        -0.13423392176628113
    ],
    "CENTER_HEAD_55": [
        0.06258681416511536,
        -0.6318806409835815,
        -0.13102987408638
    ],
    "CENTER_HEAD_56": [
        0.06463274359703064,
        -0.6320384740829468,
        -0.12638935446739197
    ],
    "CENTER_HEAD_57": [
        0.06648551672697067,
        -0.6326165795326233,
        -0.12144965678453445
    ],
    "CENTER_HEAD_58": [
        0.06766216456890106,
        -0.6327999234199524,
        -0.11821578443050385
    ],
    "CENTER_HEAD_59": [
        0.06892720609903336,
        -0.6328392028808594,
        -0.11487437784671783
    ],
    "CENTER_HEAD_60": [
        0.06993032246828079,
        -0.6328960061073303,
        -0.11209847033023834
    ],
    "CENTER_HEAD_61": [
        0.07097145915031433,
        -0.6326944828033447,
        -0.10996095836162567
    ],
    "CENTER_HEAD_62": [
        0.0715235248208046,
        -0.6325530409812927,
        -0.10769376158714294
    ]
}