{
    "CENTER_TORSO_1": [
        0.045945219695568085,
        -0.20873625576496124,
        -0.08289897441864014
    ],
    "CENTER_TORSO_2": [
        0.04513455182313919,
        -0.20942091941833496,
        -0.08165763318538666
    ],
    "CENTER_TORSO_3": [
        0.044438302516937256,
        -0.21007776260375977,
        -0.08038488030433655
    ],
    "CENTER_TORSO_4": [
        0.043932121247053146,
        -0.2105778157711029,
        -0.07962056994438171
    ],
    "CENTER_TORSO_5": [
        0.04387534409761429,
        -0.2110775262117386,
        -0.07872244715690613
    ],
    "CENTER_TORSO_6": [
        0.04357698932290077,
        -0.21133224666118622,
        -0.07806538045406342
    ],
    "CENTER_TORSO_7": [
        0.04352591559290886,
        -0.21169760823249817,
        -0.07743445038795471
    ],
    "CENTER_TORSO_8": [
        0.04270990937948227,
        -0.21211957931518555,
        -0.07682827115058899
    ],
    "CENTER_TORSO_9": [
        0.0418102964758873,
        -0.21249108016490936,
        -0.07643553614616394
    ],
    "CENTER_TORSO_10": [
        0.04122593253850937,
        -0.21255549788475037,
        -0.0761796087026596
    ],
    "CENTER_TORSO_11": [
        0.03955800086259842,
        -0.21272233128547668,
        -0.07579109072685242
    ],
    "CENTER_TORSO_12": [
        0.038274042308330536,
        -0.21285197138786316,
        -0.07536435127258301
    ],
    "CENTER_TORSO_13": [
        0.03772541135549545,
        -0.21266868710517883,
        -0.0752754956483841
    ],
    "CENTER_TORSO_14": [
        0.03697751462459564,
        -0.2125072479248047,
        -0.07505455613136292
    ],
    "CENTER_TORSO_15": [
        0.03581028804183006,
        -0.2125060260295868,
        -0.07477302849292755
    ],
    "CENTER_TORSO_16": [
        0.034509968012571335,
        -0.21234628558158875,
        -0.07477300614118576
    ],
    "CENTER_TORSO_17": [
        0.03356559947133064,
        -0.21208292245864868,
        -0.07467624545097351
    ],
    "CENTER_TORSO_18": [
        0.032142434269189835,
        -0.21216228604316711,
        -0.07484547793865204
    ],
    "CENTER_TORSO_19": [
        0.030397508293390274,
        -0.21209779381752014,
        -0.07536187767982483
    ],
    "CENTER_TORSO_20": [
        0.02900075726211071,
        -0.2120417058467865,
        -0.07585960626602173
    ],
    "CENTER_TORSO_21": [
        0.027564160525798798,
        -0.21198871731758118,
        -0.07662305980920792
    ],
    "CENTER_TORSO_22": [
        0.02671673893928528,
        -0.21224664151668549,
        -0.07694368064403534
    ],
    "CENTER_TORSO_23": [
        0.026330653578042984,
        -0.21211092174053192,
        -0.07800890505313873
    ],
    "CENTER_TORSO_24": [
        0.025645682588219643,
        -0.21199525892734528,
        -0.0788082629442215
    ],
    "CENTER_TORSO_25": [
        0.02527686208486557,
        -0.21195507049560547,
        -0.07920648157596588
    ],
    "CENTER_TORSO_26": [
        0.023943942040205002,
        -0.21212874352931976,
        -0.0788065642118454
    ],
    "CENTER_TORSO_27": [
        0.022999778389930725,
        -0.21247941255569458,
        -0.07866473495960236
    ],
    "CENTER_TORSO_28": [
        0.022687796503305435,
        -0.21212363243103027,
        -0.07907744497060776
    ],
    "CENTER_TORSO_29": [
        0.021531717851758003,
        -0.21156740188598633,
        -0.08025140315294266
    ],
    "CENTER_TORSO_30": [
        0.0213706623762846,
        -0.21123449504375458,
        -0.08081482350826263
    ],
    "CENTER_TORSO_31": [
        0.02200779877603054,
        -0.21061819791793823,
        -0.081476591527462
    ],
    "CENTER_TORSO_32": [
        0.022648032754659653,
        -0.21010054647922516,
        -0.08269937336444855
    ],
    "CENTER_TORSO_33": [
        0.02337762713432312,
        -0.209766685962677,
        -0.08387967199087143
    ],
    "CENTER_TORSO_34": [
        0.024608425796031952,
        -0.20962584018707275,
        -0.08416229486465454
    ],
    "CENTER_TORSO_35": [
        0.02485046163201332,
        -0.20985478162765503,
        -0.08425231277942657
    ],
    "CENTER_TORSO_36": [
        0.02514054998755455,
        -0.2096382975578308,
        -0.08533412963151932
    ],
    "CENTER_TORSO_37": [
        0.026285603642463684,
        -0.20991161465644836,
        -0.08510329574346542
    ],
    "CENTER_TORSO_38": [
        0.026122400537133217,
        -0.2095305174589157,
        -0.08653168380260468
    ],
    "CENTER_TORSO_39": [
        0.02624446153640747,
        -0.20913314819335938,
        -0.08757400512695312
    ],
    "CENTER_TORSO_40": [
        0.027060579508543015,
        -0.20874041318893433,
        -0.08830621838569641
    ],
    "CENTER_TORSO_41": [
        0.02716212347149849,
        -0.2082330882549286,
        -0.08930279314517975
    ],
    "CENTER_TORSO_42": [
        0.027677711099386215,
        -0.20793713629245758,
        -0.08975996822118759
    ],
    "CENTER_TORSO_43": [
        0.028636183589696884,
        -0.20782262086868286,
        -0.08958946168422699
    ],
    "CENTER_TORSO_44": [
        0.02886035293340683,
        -0.20809638500213623,
        -0.0891919657588005
    ],
    "CENTER_TORSO_45": [
        0.03044453263282776,
        -0.20832812786102295,
        -0.08899365365505219
    ],
    "CENTER_TORSO_46": [
        0.031771812587976456,
        -0.20873785018920898,
        -0.08803945779800415
    ],
    "CENTER_TORSO_47": [
        0.032188378274440765,
        -0.2090320885181427,
        -0.0876048356294632
    ],
    "CENTER_TORSO_48": [
        0.033300627022981644,
        -0.20927152037620544,
        -0.08734121173620224
    ],
    "CENTER_TORSO_49": [
        0.03481169044971466,
        -0.20928233861923218,
        -0.08705519884824753
    ],
    "CENTER_TORSO_50": [
        0.03622971847653389,
        -0.20900923013687134,
        -0.08729114383459091
    ],
    "CENTER_TORSO_51": [
        0.037444889545440674,
        -0.2089143991470337,
        -0.08712317794561386
    ],
    "CENTER_TORSO_52": [
        0.03838612139225006,
        -0.20880576968193054,
        -0.0867423266172409
    ],
    "CENTER_TORSO_53": [
        0.03812384232878685,
        -0.20869237184524536,
        -0.08593112230300903
    ],
    "CENTER_TORSO_54": [
        0.03867164999246597,
        -0.2087354063987732,
        -0.0851542204618454
    ],
    "CENTER_TORSO_55": [
        0.03830739110708237,
        -0.208978533744812,
        -0.08406694233417511
    ],
    "CENTER_TORSO_56": [
        0.03891504555940628,
        -0.20912131667137146,
        -0.08259470015764236
    ],
    "CENTER_TORSO_57": [
        0.039549242705106735,
        -0.2092011570930481,
        -0.08102737367153168
    ],
    "CENTER_TORSO_58": [
        0.040201541036367416,
        -0.20926597714424133,
        -0.07983354479074478
    ],
    "CENTER_TORSO_59": [
        0.04078705608844757,
        -0.20930880308151245,
        -0.07891878485679626
    ],
    "CENTER_TORSO_60": [
        0.04115680977702141,
        -0.20928296446800232,
        -0.07831794023513794
    ],
    "CENTER_TORSO_61": [
        0.04139305651187897,
        -0.20936042070388794,
        -0.07770641893148422
    ],
    "CENTER_TORSO_62": [
        0.04151446372270584,
        -0.20964011549949646,
        -0.07663367688655853
    ]
}