{
    "LEFT_HAND_1": [
        0.10790394246578217,
        0.11259821057319641,
        -0.22801616787910461
    ],
    "LEFT_HAND_2": [
        0.10521972179412842,
        0.11162351071834564,
        -0.2315673828125
    ],
    "LEFT_HAND_3": [
        0.10187916457653046,
        0.11063461750745773,
        -0.23488076031208038
    ],
    "LEFT_HAND_4": [
        0.0978691577911377,
        0.11096588522195816,
        -0.23883619904518127
    ],
    "LEFT_HAND_5": [
        0.09616248309612274,
        0.11265643686056137,
        -0.24008077383041382
    ],
    "LEFT_HAND_6": [
        0.09578648209571838,
        0.11384493857622147,
        -0.24262741208076477
    ],
    "LEFT_HAND_7": [
        0.09539932012557983,
        0.11501353979110718,
        -0.24309679865837097
    ],
    "LEFT_HAND_8": [
        0.09670697152614594,
        0.11698199808597565,
        -0.244049072265625
    ],
    "LEFT_HAND_9": [
        0.09735153615474701,
        0.11883015930652618,
        -0.2468305230140686
    ],
    "LEFT_HAND_10": [
        0.0986391007900238,
        0.12129813432693481,
        -0.24686050415039062
    ],
    "LEFT_HAND_11": [
        0.09884169697761536,
        0.1259821057319641,
        -0.24538429081439972
    ],
    "LEFT_HAND_12": [
        0.10203361511230469,
        0.12975414097309113,
        -0.24437764286994934
    ],
    "LEFT_HAND_13": [
        0.10384666919708252,
        0.1337101310491562,
        -0.24260865151882172
    ],
    "LEFT_HAND_14": [
        0.10776831209659576,
        0.1371510624885559,
        -0.23944586515426636
    ],
    "LEFT_HAND_15": [
        0.1104043573141098,
        0.14067721366882324,
        -0.23773948848247528
    ],
    "LEFT_HAND_16": [
        0.11290287971496582,
        0.14539876580238342,
        -0.23530426621437073
    ],
    "LEFT_HAND_17": [
        0.11519850790500641,
        0.14702075719833374,
        -0.23323720693588257
    ],
    "LEFT_HAND_18": [
        0.11654576659202576,
        0.14989888668060303,
        -0.23376449942588806
    ],
    "LEFT_HAND_19": [
        0.11731643974781036,
        0.1521848887205124,
        -0.23452332615852356
    ],
    "LEFT_HAND_20": [
        0.11858707666397095,
        0.15392041206359863,
        -0.23385724425315857
    ],
    "LEFT_HAND_21": [
        0.12164013832807541,
        0.15483710169792175,
        -0.232517808675766
    ],
    "LEFT_HAND_22": [
        0.12211975455284119,
        0.15593492984771729,
        -0.2321499139070511
    ],
    "LEFT_HAND_23": [
        0.12543484568595886,
        0.1585312932729721,
        -0.2320873886346817
    ],
    "LEFT_HAND_24": [
        0.12711288034915924,
        0.15994974970817566,
        -0.2326413094997406
    ],
    "LEFT_HAND_25": [
        0.12659531831741333,
        0.1607128530740738,
        -0.233443483710289
    ],
    "LEFT_HAND_26": [
        0.12811611592769623,
        0.16035987436771393,
        -0.23349933326244354
    ],
    "LEFT_HAND_27": [
        0.12666292488574982,
        0.161543607711792,
        -0.23487134277820587
    ],
    "LEFT_HAND_28": [
        0.12582843005657196,
        0.1622956097126007,
        -0.2351374626159668
    ],
    "LEFT_HAND_29": [
        0.12432052195072174,
        0.16407442092895508,
        -0.23729340732097626
    ],
    "LEFT_HAND_30": [
        0.12473780661821365,
        0.1644471287727356,
        -0.238807812333107
    ],
    "LEFT_HAND_31": [
        0.12508028745651245,
        0.16464722156524658,
        -0.23825740814208984
    ],
    "LEFT_HAND_32": [
        0.12578779458999634,
        0.16454797983169556,
        -0.23965513706207275
    ],
    "LEFT_HAND_33": [
        0.12641632556915283,
        0.16449621319770813,
        -0.2410505712032318
    ],
    "LEFT_HAND_34": [
        0.12526026368141174,
        0.164341539144516,
        -0.24124962091445923
    ],
    "LEFT_HAND_35": [
        0.12495660781860352,
        0.16257980465888977,
        -0.240272656083107
    ],
    "LEFT_HAND_36": [
        0.12298160046339035,
        0.1629691869020462,
        -0.24207329750061035
    ],
    "LEFT_HAND_37": [
        0.12034115195274353,
        0.16076886653900146,
        -0.24059468507766724
    ],
    "LEFT_HAND_38": [
        0.11879877746105194,
        0.16268859803676605,
        -0.2407667487859726
    ],
    "LEFT_HAND_39": [
        0.11880891025066376,
        0.1630835235118866,
        -0.24108001589775085
    ],
    "LEFT_HAND_40": [
        0.12030909955501556,
        0.16332945227622986,
        -0.23938065767288208
    ],
    "LEFT_HAND_41": [
        0.11989344656467438,
        0.16251827776432037,
        -0.2387111634016037
    ],
    "LEFT_HAND_42": [
        0.11928877234458923,
        0.1614702045917511,
        -0.2380518913269043
    ],
    "LEFT_HAND_43": [
        0.11891276389360428,
        0.16025081276893616,
        -0.23695698380470276
    ],
    "LEFT_HAND_44": [
        0.11674651503562927,
        0.15902480483055115,
        -0.23910190165042877
    ],
    "LEFT_HAND_45": [
        0.11297102272510529,
        0.156686931848526,
        -0.24456293880939484
    ],
    "LEFT_HAND_46": [
        0.10931451618671417,
        0.15261924266815186,
        -0.24833688139915466
    ],
    "LEFT_HAND_47": [
        0.10592344403266907,
        0.14962105453014374,
        -0.25358280539512634
    ],
    "LEFT_HAND_48": [
        0.10279107093811035,
        0.14566963911056519,
        -0.26289230585098267
    ],
    "LEFT_HAND_49": [
        0.0992031842470169,
        0.14272816479206085,
        -0.26792508363723755
    ],
    "LEFT_HAND_50": [
        0.09427420049905777,
        0.13936492800712585,
        -0.27236407995224
    ],
    "LEFT_HAND_51": [
        0.08650249987840652,
        0.13430151343345642,
        -0.27720266580581665
    ],
    "LEFT_HAND_52": [
        0.08170898258686066,
        0.1298944056034088,
        -0.2798825204372406
    ],
    "LEFT_HAND_53": [
        0.07636551558971405,
        0.12476584315299988,
        -0.2816318869590759
    ],
    "LEFT_HAND_54": [
        0.07042254507541656,
        0.12026173621416092,
        -0.28169727325439453
    ],
    "LEFT_HAND_55": [
        0.06735943257808685,
        0.11498482525348663,
        -0.28191590309143066
    ],
    "LEFT_HAND_56": [
        0.06644280254840851,
        0.11061026155948639,
        -0.27605313062667847
    ],
    "LEFT_HAND_57": [
        0.06558579951524734,
        0.10612519830465317,
        -0.268502801656723
    ],
    "LEFT_HAND_58": [
        0.06561362743377686,
        0.10399740934371948,
        -0.26030534505844116
    ],
    "LEFT_HAND_59": [
        0.0656333863735199,
        0.10337059944868088,
        -0.2542835474014282
    ],
    "LEFT_HAND_60": [
        0.06448805332183838,
        0.10286775976419449,
        -0.2503991723060608
    ],
    "LEFT_HAND_61": [
        0.06529690325260162,
        0.10313165187835693,
        -0.24451759457588196
    ],
    "LEFT_HAND_62": [
        0.06562331318855286,
        0.10311969369649887,
        -0.24003110826015472
    ]
}