{
    "LEFT_ELBOW_1": [
        0.2098868489265442,
        -0.10735239088535309,
        -0.16288626194000244
    ],
    "LEFT_ELBOW_2": [
        0.20821096003055573,
        -0.10718165338039398,
        -0.1642531156539917
    ],
    "LEFT_ELBOW_3": [
        0.20735929906368256,
        -0.10713224112987518,
        -0.16511189937591553
    ],
    "LEFT_ELBOW_4": [
        0.2050643265247345,
        -0.10688051581382751,
        -0.16760686039924622
    ],
    "LEFT_ELBOW_5": [
        0.2030249685049057,
        -0.10662902891635895,
        -0.16819028556346893
    ],
    "LEFT_ELBOW_6": [
        0.20088818669319153,
        -0.10648684203624725,
        -0.16882003843784332
    ],
    "LEFT_ELBOW_7": [
        0.20001819729804993,
        -0.1058291643857956,
        -0.1691460907459259
    ],
    "LEFT_ELBOW_8": [
        0.19792614877223969,
        -0.10458450019359589,
        -0.16964712738990784
    ],
    "LEFT_ELBOW_9": [
        0.1961841583251953,
        -0.10311388969421387,
        -0.1714036464691162
    ],
    "LEFT_ELBOW_10": [
        0.19431136548519135,
        -0.10141792893409729,
        -0.17223411798477173
    ],
    "LEFT_ELBOW_11": [
        0.19136559963226318,
        -0.09955821931362152,
        -0.1723904013633728
    ],
    "LEFT_ELBOW_12": [
        0.18912699818611145,
        -0.0977688729763031,
        -0.1714329868555069
    ],
    "LEFT_ELBOW_13": [
        0.18581387400627136,
        -0.09524907916784286,
        -0.1713467240333557
    ],
    "LEFT_ELBOW_14": [
        0.18415208160877228,
        -0.09290508925914764,
        -0.17061981558799744
    ],
    "LEFT_ELBOW_15": [
        0.18126961588859558,
        -0.09072694927453995,
        -0.170405313372612
    ],
    "LEFT_ELBOW_16": [
        0.17794206738471985,
        -0.08919527381658554,
        -0.17134776711463928
    ],
    "LEFT_ELBOW_17": [
        0.1751803755760193,
        -0.08805534243583679,
        -0.171400249004364
    ],
    "LEFT_ELBOW_18": [
        0.1727307289838791,
        -0.08756996691226959,
        -0.1735057234764099
    ],
    "LEFT_ELBOW_19": [
        0.17102906107902527,
        -0.08640991896390915,
        -0.17445331811904907
    ],
    "LEFT_ELBOW_20": [
        0.16798537969589233,
        -0.08471263945102692,
        -0.17488038539886475
    ],
    "LEFT_ELBOW_21": [
        0.1673445850610733,
        -0.08362334966659546,
        -0.1747812181711197
    ],
    "LEFT_ELBOW_22": [
        0.16522401571273804,
        -0.0823410153388977,
        -0.1745111346244812
    ],
    "LEFT_ELBOW_23": [
        0.16557952761650085,
        -0.0811660885810852,
        -0.17496834695339203
    ],
    "LEFT_ELBOW_24": [
        0.16468143463134766,
        -0.08003245294094086,
        -0.17530088126659393
    ],
    "LEFT_ELBOW_25": [
        0.16344720125198364,
        -0.07938477396965027,
        -0.17566785216331482
    ],
    "LEFT_ELBOW_26": [
        0.16320830583572388,
        -0.07862284779548645,
        -0.1751393973827362
    ],
    "LEFT_ELBOW_27": [
        0.16219456493854523,
        -0.07801665365695953,
        -0.17598822712898254
    ],
    "LEFT_ELBOW_28": [
        0.16187620162963867,
        -0.07699955999851227,
        -0.17564737796783447
    ],
    "LEFT_ELBOW_29": [
        0.1607535183429718,
        -0.07593432068824768,
        -0.17688517272472382
    ],
    "LEFT_ELBOW_30": [
        0.16043224930763245,
        -0.07575757056474686,
        -0.17720887064933777
    ],
    "LEFT_ELBOW_31": [
        0.16107875108718872,
        -0.07685491442680359,
        -0.17696480453014374
    ],
    "LEFT_ELBOW_32": [
        0.16260012984275818,
        -0.0768471509218216,
        -0.17805548012256622
    ],
    "LEFT_ELBOW_33": [
        0.16420456767082214,
        -0.07782937586307526,
        -0.17949554324150085
    ],
    "LEFT_ELBOW_34": [
        0.1647264063358307,
        -0.07877950370311737,
        -0.17927928268909454
    ],
    "LEFT_ELBOW_35": [
        0.1650628000497818,
        -0.07958900928497314,
        -0.17888498306274414
    ],
    "LEFT_ELBOW_36": [
        0.16439737379550934,
        -0.07908686995506287,
        -0.18177148699760437
    ],
    "LEFT_ELBOW_37": [
        0.16287162899971008,
        -0.07953358441591263,
        -0.18079029023647308
    ],
    "LEFT_ELBOW_38": [
        0.1647169589996338,
        -0.07963863015174866,
        -0.18120265007019043
    ],
    "LEFT_ELBOW_39": [
        0.16423478722572327,
        -0.0806102454662323,
        -0.181843563914299
    ],
    "LEFT_ELBOW_40": [
        0.16568779945373535,
        -0.08132259547710419,
        -0.1809438169002533
    ],
    "LEFT_ELBOW_41": [
        0.16717788577079773,
        -0.08216375857591629,
        -0.18115220963954926
    ],
    "LEFT_ELBOW_42": [
        0.16895559430122375,
        -0.0839042142033577,
        -0.18073439598083496
    ],
    "LEFT_ELBOW_43": [
        0.17139779031276703,
        -0.08521846681833267,
        -0.18119454383850098
    ],
    "LEFT_ELBOW_44": [
        0.1731063723564148,
        -0.08550189435482025,
        -0.18272516131401062
    ],
    "LEFT_ELBOW_45": [
        0.17510700225830078,
        -0.08678241819143295,
        -0.18575355410575867
    ],
    "LEFT_ELBOW_46": [
        0.17822390794754028,
        -0.0884622186422348,
        -0.1861470639705658
    ],
    "LEFT_ELBOW_47": [
        0.179831400513649,
        -0.08947521448135376,
        -0.18793711066246033
    ],
    "LEFT_ELBOW_48": [
        0.18158385157585144,
        -0.09121226519346237,
        -0.1906900703907013
    ],
    "LEFT_ELBOW_49": [
        0.18245796859264374,
        -0.09227383881807327,
        -0.19220870733261108
    ],
    "LEFT_ELBOW_50": [
        0.1836167573928833,
        -0.09408314526081085,
        -0.1939775049686432
    ],
    "LEFT_ELBOW_51": [
        0.18310342729091644,
        -0.09604961425065994,
        -0.19441571831703186
    ],
    "LEFT_ELBOW_52": [
        0.18437537550926208,
        -0.09748360514640808,
        -0.19387871026992798
    ],
    "LEFT_ELBOW_53": [
        0.18432098627090454,
        -0.0990782082080841,
        -0.19279423356056213
    ],
    "LEFT_ELBOW_54": [
        0.1840631365776062,
        -0.10072536766529083,
        -0.1928251087665558
    ],
    "LEFT_ELBOW_55": [
        0.1847688853740692,
        -0.10191567242145538,
        -0.19195184111595154
    ],
    "LEFT_ELBOW_56": [
        0.18646515905857086,
        -0.10305188596248627,
        -0.18800169229507446
    ],
    "LEFT_ELBOW_57": [
        0.18779419362545013,
        -0.10409939289093018,
        -0.1822780966758728
    ],
    "LEFT_ELBOW_58": [
        0.18897515535354614,
        -0.105044886469841,
        -0.17728504538536072
    ],
    "LEFT_ELBOW_59": [
        0.18968722224235535,
        -0.10570669174194336,
        -0.17384111881256104
    ],
    "LEFT_ELBOW_60": [
        0.18872113525867462,
        -0.10636594146490097,
        -0.17174306511878967
    ],
    "LEFT_ELBOW_61": [
        0.18864706158638,
        -0.10700073093175888,
        -0.16871324181556702
    ],
    "LEFT_ELBOW_62": [
        0.18843381106853485,
        -0.10771392285823822,
        -0.16645511984825134
    ]
}