{
    "BOTTOM_TORSO_1": [
        -4.938901838613674e-07,
        -1.3327011401997879e-05,
        6.218452881512349e-07
    ],
    "BOTTOM_TORSO_2": [
        -3.6038545658811927e-07,
        -1.3682612006959971e-05,
        5.676652108377311e-07
    ],
    "BOTTOM_TORSO_3": [
        -2.464475983288139e-07,
        -1.4036946595297195e-05,
        4.799057933269069e-07
    ],
    "BOTTOM_TORSO_4": [
        -3.3968171919696033e-07,
        -1.4346373063744977e-05,
        4.49121955625742e-07
    ],
    "BOTTOM_TORSO_5": [
        -5.177989805815741e-07,
        -1.4624983123212587e-05,
        4.6921877583372407e-07
    ],
    "BOTTOM_TORSO_6": [
        -6.2885919760447e-07,
        -1.4964765796321444e-05,
        5.684502184521989e-07
    ],
    "BOTTOM_TORSO_7": [
        -8.981733117252588e-07,
        -1.555158814880997e-05,
        5.596726282419695e-07
    ],
    "BOTTOM_TORSO_8": [
        -1.0361982276663184e-06,
        -1.5825609807507135e-05,
        7.012274068074476e-07
    ],
    "BOTTOM_TORSO_9": [
        -1.2205709936097264e-06,
        -1.611419065739028e-05,
        7.198497087301803e-07
    ],
    "BOTTOM_TORSO_10": [
        -1.3033677532803267e-06,
        -1.6262241842923686e-05,
        7.531482424383285e-07
    ],
    "BOTTOM_TORSO_11": [
        -1.0621497494867072e-06,
        -1.6506979591213167e-05,
        7.554785952379461e-07
    ],
    "BOTTOM_TORSO_12": [
        -9.372579370392486e-07,
        -1.6747217159718275e-05,
        8.56201836541004e-07
    ],
    "BOTTOM_TORSO_13": [
        -7.690869097132236e-07,
        -1.718880230328068e-05,
        9.507600680080941e-07
    ],
    "BOTTOM_TORSO_14": [
        -6.115060386946425e-07,
        -1.7434891560696997e-05,
        1.2487494132074062e-06
    ],
    "BOTTOM_TORSO_15": [
        -4.784269549418241e-07,
        -1.770269409462344e-05,
        1.4870466884531197e-06
    ],
    "BOTTOM_TORSO_16": [
        -2.870619937311858e-07,
        -1.8280032236361876e-05,
        1.7254394606425194e-06
    ],
    "BOTTOM_TORSO_17": [
        -1.2938107829540968e-07,
        -1.8869381165131927e-05,
        2.1493005988304503e-06
    ],
    "BOTTOM_TORSO_18": [
        2.95796780847013e-07,
        -1.9824670744128525e-05,
        2.527068318158854e-06
    ],
    "BOTTOM_TORSO_19": [
        4.256835381966084e-07,
        -2.0908890292048454e-05,
        2.730126425376511e-06
    ],
    "BOTTOM_TORSO_20": [
        4.884332156507298e-07,
        -2.175243935198523e-05,
        2.9669977266166825e-06
    ],
    "BOTTOM_TORSO_21": [
        8.871811587596312e-07,
        -2.2764397726859897e-05,
        3.2660698252584552e-06
    ],
    "BOTTOM_TORSO_22": [
        1.1798438208643347e-06,
        -2.370546462771017e-05,
        3.444786216277862e-06
    ],
    "BOTTOM_TORSO_23": [
        1.7171514627989382e-06,
        -2.4386721634073183e-05,
        3.4883173611888196e-06
    ],
    "BOTTOM_TORSO_24": [
        2.231430698884651e-06,
        -2.5203376935678534e-05,
        3.782802195928525e-06
    ],
    "BOTTOM_TORSO_25": [
        2.6759953470900655e-06,
        -2.623807631607633e-05,
        3.936389930458972e-06
    ],
    "BOTTOM_TORSO_26": [
        3.081295290030539e-06,
        -2.6538624297245406e-05,
        3.920720700989477e-06
    ],
    "BOTTOM_TORSO_27": [
        3.287934305262752e-06,
        -2.646319080668036e-05,
        3.912910869985353e-06
    ],
    "BOTTOM_TORSO_28": [
        3.447834387770854e-06,
        -2.648161716933828e-05,
        4.008210908068577e-06
    ],
    "BOTTOM_TORSO_29": [
        3.5168595786672086e-06,
        -2.662806582520716e-05,
        4.0175727917812765e-06
    ],
    "BOTTOM_TORSO_30": [
        3.408189513720572e-06,
        -2.6731679099611938e-05,
        3.9355354601866566e-06
    ],
    "BOTTOM_TORSO_31": [
        3.515238859108649e-06,
        -2.6695095584727824e-05,
        3.923069925804157e-06
    ],
    "BOTTOM_TORSO_32": [
        3.4027889341814443e-06,
        -2.677386873983778e-05,
        3.882287273881957e-06
    ],
    "BOTTOM_TORSO_33": [
        3.3980832085944712e-06,
        -2.6684450858738273e-05,
        3.7844743019377347e-06
    ],
    "BOTTOM_TORSO_34": [
        2.7806909201899543e-06,
        -2.6227315174764954e-05,
        3.618042455855175e-06
    ],
    "BOTTOM_TORSO_35": [
        2.337959813303314e-06,
        -2.5683673811727203e-05,
        3.5008461054530926e-06
    ],
    "BOTTOM_TORSO_36": [
        2.507633325876668e-06,
        -2.5867018848657608e-05,
        3.2312836992787197e-06
    ],
    "BOTTOM_TORSO_37": [
        2.2726235329173505e-06,
        -2.5418414224986918e-05,
        3.38027416546538e-06
    ],
    "BOTTOM_TORSO_38": [
        1.5691330190747976e-06,
        -2.4573049813625403e-05,
        2.8740346351696644e-06
    ],
    "BOTTOM_TORSO_39": [
        1.1338524927850813e-06,
        -2.3686592612648383e-05,
        2.6809666451299563e-06
    ],
    "BOTTOM_TORSO_40": [
        9.61452315095812e-07,
        -2.303548899362795e-05,
        2.426521859888453e-06
    ],
    "BOTTOM_TORSO_41": [
        9.962277545128018e-07,
        -2.2528924091602676e-05,
        2.245626546937274e-06
    ],
    "BOTTOM_TORSO_42": [
        6.956452125450596e-07,
        -2.1786036086268723e-05,
        1.8282162272953428e-06
    ],
    "BOTTOM_TORSO_43": [
        2.2866515791974962e-08,
        -2.1198513422859833e-05,
        1.2261816664249636e-06
    ],
    "BOTTOM_TORSO_44": [
        -4.273369995644316e-07,
        -2.0820501958951354e-05,
        6.598691584258631e-07
    ],
    "BOTTOM_TORSO_45": [
        -1.0121257218997926e-06,
        -1.99678324861452e-05,
        8.907005621949793e-08
    ],
    "BOTTOM_TORSO_46": [
        -1.3157859939383343e-06,
        -1.93096675502602e-05,
        -2.458922097048344e-07
    ],
    "BOTTOM_TORSO_47": [
        -1.3171702448744327e-06,
        -1.8604405340738595e-05,
        -4.6761502403569466e-07
    ],
    "BOTTOM_TORSO_48": [
        -1.3405369827523828e-06,
        -1.8353739505982958e-05,
        -8.262784376711352e-07
    ],
    "BOTTOM_TORSO_49": [
        -9.819450497161597e-07,
        -1.7816566469264217e-05,
        -1.0854287211259361e-06
    ],
    "BOTTOM_TORSO_50": [
        -1.0575677151791751e-06,
        -1.7112528439611197e-05,
        -1.1173829079780262e-06
    ],
    "BOTTOM_TORSO_51": [
        -1.2861255527241156e-06,
        -1.640317714191042e-05,
        -9.222860057889193e-07
    ],
    "BOTTOM_TORSO_52": [
        -1.592614353285171e-06,
        -1.579077979840804e-05,
        -7.964526957948692e-07
    ],
    "BOTTOM_TORSO_53": [
        -1.5313562471419573e-06,
        -1.5179339243331924e-05,
        -8.675366984789434e-07
    ],
    "BOTTOM_TORSO_54": [
        -1.7265938367927447e-06,
        -1.499773861723952e-05,
        -7.89368982623273e-07
    ],
    "BOTTOM_TORSO_55": [
        -1.9531435100361705e-06,
        -1.4626961274188943e-05,
        -4.83739199808042e-07
    ],
    "BOTTOM_TORSO_56": [
        -1.4276447473093867e-06,
        -1.3925337043474428e-05,
        -1.4981981166783953e-07
    ],
    "BOTTOM_TORSO_57": [
        -8.007409633137286e-07,
        -1.3315601790964138e-05,
        -1.2407383565005148e-07
    ],
    "BOTTOM_TORSO_58": [
        -2.538417902542278e-07,
        -1.3237093298812397e-05,
        -2.1613490730487683e-07
    ],
    "BOTTOM_TORSO_59": [
        3.952663973905146e-09,
        -1.3523495908884797e-05,
        -2.8270071084079973e-07
    ],
    "BOTTOM_TORSO_60": [
        -3.971217665821314e-08,
        -1.3657869203598239e-05,
        -3.4073337928930414e-07
    ],
    "BOTTOM_TORSO_61": [
        -1.5588557289447635e-07,
        -1.350288039247971e-05,
        -3.174438063524576e-07
    ],
    "BOTTOM_TORSO_62": [
        -1.8699211068451405e-07,
        -1.341883216809947e-05,
        -3.487196522655722e-07
    ]
}