{
    "RIGHT_SHOULDER_1": [
        -0.07430368661880493,
        -0.4025854170322418,
        -0.03330767899751663
    ],
    "RIGHT_SHOULDER_2": [
        -0.07612238824367523,
        -0.4031333923339844,
        -0.03385124355554581
    ],
    "RIGHT_SHOULDER_3": [
        -0.07839186489582062,
        -0.40334898233413696,
        -0.03504447266459465
    ],
    "RIGHT_SHOULDER_4": [
        -0.0799248144030571,
        -0.4038054943084717,
        -0.036063216626644135
    ],
    "RIGHT_SHOULDER_5": [
        -0.08098217844963074,
        -0.40394502878189087,
        -0.036913707852363586
    ],
    "RIGHT_SHOULDER_6": [
        -0.08160896599292755,
        -0.4038029909133911,
        -0.037393342703580856
    ],
    "RIGHT_SHOULDER_7": [
        -0.08264440298080444,
        -0.4041000008583069,
        -0.03787505254149437
    ],
    "RIGHT_SHOULDER_8": [
        -0.08421868085861206,
        -0.4039187431335449,
        -0.03912120312452316
    ],
    "RIGHT_SHOULDER_9": [
        -0.08526710420846939,
        -0.40403348207473755,
        -0.04051981866359711
    ],
    "RIGHT_SHOULDER_10": [
        -0.08591103553771973,
        -0.40440982580184937,
        -0.0419769361615181
    ],
    "RIGHT_SHOULDER_11": [
        -0.08743295073509216,
        -0.4046872854232788,
        -0.04246615990996361
    ],
    "RIGHT_SHOULDER_12": [
        -0.08932530879974365,
        -0.40432870388031006,
        -0.04299695044755936
    ],
    "RIGHT_SHOULDER_13": [
        -0.08961980789899826,
        -0.4041088819503784,
        -0.04332529008388519
    ],
    "RIGHT_SHOULDER_14": [
        -0.0895867645740509,
        -0.40406566858291626,
        -0.04322317987680435
    ],
    "RIGHT_SHOULDER_15": [
        -0.09022083878517151,
        -0.4035962224006653,
        -0.0432807058095932
    ],
    "RIGHT_SHOULDER_16": [
        -0.09173968434333801,
        -0.40325143933296204,
        -0.04477221518754959
    ],
    "RIGHT_SHOULDER_17": [
        -0.09283553808927536,
        -0.40264540910720825,
        -0.04636704549193382
    ],
    "RIGHT_SHOULDER_18": [
        -0.09379111230373383,
        -0.4025720953941345,
        -0.046923913061618805
    ],
    "RIGHT_SHOULDER_19": [
        -0.09413662552833557,
        -0.40325605869293213,
        -0.04755275696516037
    ],
    "RIGHT_SHOULDER_20": [
        -0.09515523910522461,
        -0.40353599190711975,
        -0.04836956411600113
    ],
    "RIGHT_SHOULDER_21": [
        -0.09637390077114105,
        -0.4031534194946289,
        -0.05033831298351288
    ],
    "RIGHT_SHOULDER_22": [
        -0.09697823226451874,
        -0.4028944969177246,
        -0.051872704178094864
    ],
    "RIGHT_SHOULDER_23": [
        -0.09693911671638489,
        -0.4025477170944214,
        -0.054383762180805206
    ],
    "RIGHT_SHOULDER_24": [
        -0.09714540839195251,
        -0.4026046395301819,
        -0.05514104664325714
    ],
    "RIGHT_SHOULDER_25": [
        -0.09731398522853851,
        -0.40234607458114624,
        -0.05602305755019188
    ],
    "RIGHT_SHOULDER_26": [
        -0.09787097573280334,
        -0.4018155336380005,
        -0.05637994408607483
    ],
    "RIGHT_SHOULDER_27": [
        -0.09898004680871964,
        -0.4012141227722168,
        -0.05711178481578827
    ],
    "RIGHT_SHOULDER_28": [
        -0.09914621710777283,
        -0.4010778069496155,
        -0.057975903153419495
    ],
    "RIGHT_SHOULDER_29": [
        -0.10037045180797577,
        -0.4009879529476166,
        -0.05928003042936325
    ],
    "RIGHT_SHOULDER_30": [
        -0.10155677795410156,
        -0.4007560908794403,
        -0.05976598709821701
    ],
    "RIGHT_SHOULDER_31": [
        -0.10199564695358276,
        -0.40071403980255127,
        -0.060369689017534256
    ],
    "RIGHT_SHOULDER_32": [
        -0.1017700731754303,
        -0.4006321430206299,
        -0.0624534897506237
    ],
    "RIGHT_SHOULDER_33": [
        -0.10113874077796936,
        -0.4007033109664917,
        -0.06151454523205757
    ],
    "RIGHT_SHOULDER_34": [
        -0.10094045102596283,
        -0.40127241611480713,
        -0.06107999011874199
    ],
    "RIGHT_SHOULDER_35": [
        -0.10124649852514267,
        -0.4018186032772064,
        -0.061569541692733765
    ],
    "RIGHT_SHOULDER_36": [
        -0.10123638808727264,
        -0.40240949392318726,
        -0.0629098042845726
    ],
    "RIGHT_SHOULDER_37": [
        -0.10058446228504181,
        -0.4028124213218689,
        -0.062923364341259
    ],
    "RIGHT_SHOULDER_38": [
        -0.10139396786689758,
        -0.4028671383857727,
        -0.06469742953777313
    ],
    "RIGHT_SHOULDER_39": [
        -0.10344921052455902,
        -0.4020431935787201,
        -0.06553512066602707
    ],
    "RIGHT_SHOULDER_40": [
        -0.1037960797548294,
        -0.40147650241851807,
        -0.06729638576507568
    ],
    "RIGHT_SHOULDER_41": [
        -0.10429637879133224,
        -0.4003585875034332,
        -0.06948911398649216
    ],
    "RIGHT_SHOULDER_42": [
        -0.10393883287906647,
        -0.4002760350704193,
        -0.06891289353370667
    ],
    "RIGHT_SHOULDER_43": [
        -0.10281398892402649,
        -0.40062516927719116,
        -0.06821539998054504
    ],
    "RIGHT_SHOULDER_44": [
        -0.10274508595466614,
        -0.40142786502838135,
        -0.06828443706035614
    ],
    "RIGHT_SHOULDER_45": [
        -0.10274398326873779,
        -0.4015621542930603,
        -0.06730268150568008
    ],
    "RIGHT_SHOULDER_46": [
        -0.10144397616386414,
        -0.4023498296737671,
        -0.0664874017238617
    ],
    "RIGHT_SHOULDER_47": [
        -0.10016923397779465,
        -0.402607798576355,
        -0.065207839012146
    ],
    "RIGHT_SHOULDER_48": [
        -0.09871657192707062,
        -0.40270447731018066,
        -0.06358720362186432
    ],
    "RIGHT_SHOULDER_49": [
        -0.09663373231887817,
        -0.40243470668792725,
        -0.06402191519737244
    ],
    "RIGHT_SHOULDER_50": [
        -0.09503208100795746,
        -0.4017588496208191,
        -0.06383991241455078
    ],
    "RIGHT_SHOULDER_51": [
        -0.09328871220350266,
        -0.4020581543445587,
        -0.06094535440206528
    ],
    "RIGHT_SHOULDER_52": [
        -0.09155899286270142,
        -0.4022824764251709,
        -0.058910682797431946
    ],
    "RIGHT_SHOULDER_53": [
        -0.09084605425596237,
        -0.4024890661239624,
        -0.05732125788927078
    ],
    "RIGHT_SHOULDER_54": [
        -0.08860485255718231,
        -0.4032978117465973,
        -0.05341223627328873
    ],
    "RIGHT_SHOULDER_55": [
        -0.08663387596607208,
        -0.4043150842189789,
        -0.050304900854825974
    ],
    "RIGHT_SHOULDER_56": [
        -0.08464352786540985,
        -0.40496259927749634,
        -0.04723333194851875
    ],
    "RIGHT_SHOULDER_57": [
        -0.08303830772638321,
        -0.40571147203445435,
        -0.04369964823126793
    ],
    "RIGHT_SHOULDER_58": [
        -0.08179610222578049,
        -0.40617093443870544,
        -0.04107925668358803
    ],
    "RIGHT_SHOULDER_59": [
        -0.08076654374599457,
        -0.40623337030410767,
        -0.03930643945932388
    ],
    "RIGHT_SHOULDER_60": [
        -0.08021987229585648,
        -0.4062073528766632,
        -0.0377819761633873
    ],
    "RIGHT_SHOULDER_61": [
        -0.07973285019397736,
        -0.40595513582229614,
        -0.03666039556264877
    ],
    "RIGHT_SHOULDER_62": [
        -0.07944922149181366,
        -0.40571874380111694,
        -0.03571908921003342
    ]
}