{
    "RIGHT_ELBOW_1": [
        -0.19947579503059387,
        -0.18558210134506226,
        0.06416944414377213
    ],
    "RIGHT_ELBOW_2": [
        -0.20193755626678467,
        -0.18516162037849426,
        0.06123143807053566
    ],
    "RIGHT_ELBOW_3": [
        -0.20508906245231628,
        -0.18414747714996338,
        0.057274237275123596
    ],
    "RIGHT_ELBOW_4": [
        -0.20695891976356506,
        -0.18400666117668152,
        0.053692519664764404
    ],
    "RIGHT_ELBOW_5": [
        -0.20746682584285736,
        -0.18294671177864075,
        0.05147897079586983
    ],
    "RIGHT_ELBOW_6": [
        -0.2078273594379425,
        -0.18180549144744873,
        0.049837954342365265
    ],
    "RIGHT_ELBOW_7": [
        -0.20898133516311646,
        -0.1813756674528122,
        0.048295628279447556
    ],
    "RIGHT_ELBOW_8": [
        -0.21007144451141357,
        -0.18030408024787903,
        0.04601876810193062
    ],
    "RIGHT_ELBOW_9": [
        -0.2107360064983368,
        -0.17993514239788055,
        0.04457521438598633
    ],
    "RIGHT_ELBOW_10": [
        -0.21171137690544128,
        -0.17976471781730652,
        0.041670989245176315
    ],
    "RIGHT_ELBOW_11": [
        -0.21409237384796143,
        -0.17960020899772644,
        0.040492892265319824
    ],
    "RIGHT_ELBOW_12": [
        -0.21634778380393982,
        -0.1780068427324295,
        0.03744235634803772
    ],
    "RIGHT_ELBOW_13": [
        -0.21689923107624054,
        -0.17747528851032257,
        0.03564755618572235
    ],
    "RIGHT_ELBOW_14": [
        -0.21700432896614075,
        -0.17771729826927185,
        0.03566356003284454
    ],
    "RIGHT_ELBOW_15": [
        -0.21773293614387512,
        -0.1766248643398285,
        0.0361851342022419
    ],
    "RIGHT_ELBOW_16": [
        -0.21910856664180756,
        -0.17574480175971985,
        0.03444019705057144
    ],
    "RIGHT_ELBOW_17": [
        -0.22025471925735474,
        -0.17395716905593872,
        0.03186982870101929
    ],
    "RIGHT_ELBOW_18": [
        -0.22055748105049133,
        -0.17263320088386536,
        0.02994392439723015
    ],
    "RIGHT_ELBOW_19": [
        -0.2208145260810852,
        -0.1723921149969101,
        0.028780557215213776
    ],
    "RIGHT_ELBOW_20": [
        -0.21995994448661804,
        -0.1723771095275879,
        0.029227513819932938
    ],
    "RIGHT_ELBOW_21": [
        -0.22056898474693298,
        -0.1707720309495926,
        0.027220673859119415
    ],
    "RIGHT_ELBOW_22": [
        -0.2212819755077362,
        -0.17036709189414978,
        0.025327540934085846
    ],
    "RIGHT_ELBOW_23": [
        -0.21960103511810303,
        -0.16947779059410095,
        0.023470140993595123
    ],
    "RIGHT_ELBOW_24": [
        -0.21948423981666565,
        -0.16868281364440918,
        0.02324289083480835
    ],
    "RIGHT_ELBOW_25": [
        -0.2195303738117218,
        -0.16750118136405945,
        0.02147742733359337
    ],
    "RIGHT_ELBOW_26": [
        -0.22034072875976562,
        -0.1668773591518402,
        0.021425992250442505
    ],
    "RIGHT_ELBOW_27": [
        -0.2210608571767807,
        -0.16657379269599915,
        0.021991293877363205
    ],
    "RIGHT_ELBOW_28": [
        -0.22083976864814758,
        -0.167202889919281,
        0.022678621113300323
    ],
    "RIGHT_ELBOW_29": [
        -0.22193822264671326,
        -0.16806164383888245,
        0.02281338721513748
    ],
    "RIGHT_ELBOW_30": [
        -0.22300435602664948,
        -0.1679813414812088,
        0.023984353989362717
    ],
    "RIGHT_ELBOW_31": [
        -0.22383058071136475,
        -0.16798073053359985,
        0.02349407970905304
    ],
    "RIGHT_ELBOW_32": [
        -0.22404763102531433,
        -0.16771337389945984,
        0.02221941575407982
    ],
    "RIGHT_ELBOW_33": [
        -0.2225511074066162,
        -0.16843068599700928,
        0.0261966772377491
    ],
    "RIGHT_ELBOW_34": [
        -0.22248342633247375,
        -0.16928568482398987,
        0.02691274881362915
    ],
    "RIGHT_ELBOW_35": [
        -0.22253990173339844,
        -0.17060479521751404,
        0.02768343687057495
    ],
    "RIGHT_ELBOW_36": [
        -0.22372525930404663,
        -0.17207071185112,
        0.02664097771048546
    ],
    "RIGHT_ELBOW_37": [
        -0.2244897484779358,
        -0.17322412133216858,
        0.02715684473514557
    ],
    "RIGHT_ELBOW_38": [
        -0.22405005991458893,
        -0.17398107051849365,
        0.02466481178998947
    ],
    "RIGHT_ELBOW_39": [
        -0.22544685006141663,
        -0.17371222376823425,
        0.024256732314825058
    ],
    "RIGHT_ELBOW_40": [
        -0.22593191266059875,
        -0.17329348623752594,
        0.019527461379766464
    ],
    "RIGHT_ELBOW_41": [
        -0.2257743626832962,
        -0.1723114252090454,
        0.01654062420129776
    ],
    "RIGHT_ELBOW_42": [
        -0.22327367961406708,
        -0.17353036999702454,
        0.019081637263298035
    ],
    "RIGHT_ELBOW_43": [
        -0.22039613127708435,
        -0.17514348030090332,
        0.019780129194259644
    ],
    "RIGHT_ELBOW_44": [
        -0.22025862336158752,
        -0.176079660654068,
        0.01798425242304802
    ],
    "RIGHT_ELBOW_45": [
        -0.22083675861358643,
        -0.17720048129558563,
        0.019261043518781662
    ],
    "RIGHT_ELBOW_46": [
        -0.22065943479537964,
        -0.17858067154884338,
        0.017157599329948425
    ],
    "RIGHT_ELBOW_47": [
        -0.21974414587020874,
        -0.1788133680820465,
        0.015566243790090084
    ],
    "RIGHT_ELBOW_48": [
        -0.21985884010791779,
        -0.1786818951368332,
        0.013903418555855751
    ],
    "RIGHT_ELBOW_49": [
        -0.2196623682975769,
        -0.17804580926895142,
        0.009636376984417439
    ],
    "RIGHT_ELBOW_50": [
        -0.2187838852405548,
        -0.17707931995391846,
        0.007629716768860817
    ],
    "RIGHT_ELBOW_51": [
        -0.21729272603988647,
        -0.1786273866891861,
        0.011588899418711662
    ],
    "RIGHT_ELBOW_52": [
        -0.21526436507701874,
        -0.18039384484291077,
        0.014507109299302101
    ],
    "RIGHT_ELBOW_53": [
        -0.2160806655883789,
        -0.18133819103240967,
        0.013623807579278946
    ],
    "RIGHT_ELBOW_54": [
        -0.2153727114200592,
        -0.18339067697525024,
        0.018369248136878014
    ],
    "RIGHT_ELBOW_55": [
        -0.2145366221666336,
        -0.18445444107055664,
        0.02217039465904236
    ],
    "RIGHT_ELBOW_56": [
        -0.21332904696464539,
        -0.18575873970985413,
        0.026694096624851227
    ],
    "RIGHT_ELBOW_57": [
        -0.21212710440158844,
        -0.18678689002990723,
        0.029391441494226456
    ],
    "RIGHT_ELBOW_58": [
        -0.21086803078651428,
        -0.18725895881652832,
        0.03304467350244522
    ],
    "RIGHT_ELBOW_59": [
        -0.20975078642368317,
        -0.1873912662267685,
        0.03460177406668663
    ],
    "RIGHT_ELBOW_60": [
        -0.20866182446479797,
        -0.18764977157115936,
        0.037447549402713776
    ],
    "RIGHT_ELBOW_61": [
        -0.207106351852417,
        -0.18741106986999512,
        0.03993840143084526
    ],
    "RIGHT_ELBOW_62": [
        -0.20691314339637756,
        -0.1871265470981598,
        0.04061691462993622
    ]
}