{
    "0": 0.000747731869857873,
    "1": 0.0010492079756932067,
    "2": 0.005378947993372381,
    "3": 0.007794690806308477,
    "4": 0.010010164116886893,
    "5": 0.012425906929822986,
    "6": 0.014436802207807117,
    "7": 0.0170571230533375,
    "8": 0.01927259636391592,
    "9": 0.02168833917685202,
    "10": 0.02390381248743044,
    "11": 0.02631955530036654,
    "12": 0.02853502861094496,
    "13": 0.030950771423881057,
    "14": 0.03316624473445947,
    "15": 0.03558198754739556,
    "16": 0.03779746085797398,
    "17": 0.040097508459742505,
    "18": 0.002851440991410152,
    "19": 0.0030137922258008875,
    "20": 0.003162684245599541,
    "21": 0.003172550009451392,
    "22": 19.247162233435855,
    "1": 0.0012125580726582799
}