{
    "0": 1.9737321286778595e-05,
    "1": 0.0002846649570019834,
    "2": 0.0004264138325942177,
    "3": 0.0005959082111913721,
    "4": 0.0007376570867836066,
    "5": 0.0009071514653807611,
    "6": 0.0010489003409729957,
    "7": 0.0012092088026055634,
    "8": 0.0013601435951623852,
    "9": 0.0014322485764757134,
    "10": 0.0033993673811701587,
    "11": 0.0035660607454464483,
    "12": 0.003740037999808452,
    "13": 0.003916810242377579,
    "14": 0.004098593115775607,
    "15": 0.004856285839901526,
    "16": 0.005025029726660904,
    "17": 0.005199596251635431,
    "18": 0.005377479001269001,
    "19": 0.005561021048250039,
    "20": 0.006249537716516237,
    "21": 0.006416231080792527,
    "22": 0.006590208335154531,
    "23": 0.0067669805777236585,
    "24": 0.006948763451121687,
    "25": 0.007674622884189277,
    "26": 0.007841316248465567,
    "27": 0.008015293502827573,
    "28": 0.008192065745396698,
    "29": 0.008373848618794727,
    "30": 0.009099708051862313,
    "31": 0.009266401416138602,
    "32": 0.009440378670500607,
    "33": 0.009617150913069732,
    "34": 0.009798933786467762,
    "35": 0.010524793219535348,
    "36": 0.010691486583811636,
    "37": 0.010865463838173642,
    "38": 0.011042236080742767,
    "39": 0.011224018954140796,
    "40": 0.011949878387208382,
    "41": 0.012116571751484671,
    "42": 0.012290549005846677,
    "43": 0.012467321248415802,
    "44": 0.012686446886615223,
    "45": 0.013374963554881417,
    "46": 0.013541656919157706,
    "47": 0.01375010725767365,
    "48": 0.013927990007307219,
    "49": 0.014111532054288257,
    "50": 0.014800048722554452,
    "51": 0.01496674208683074,
    "52": 0.015140719341192746,
    "53": 0.015317491583761871,
    "54": 0.015536617221961292,
    "55": 0.01575176315675659,
    "0": 2.368861071353468e-05
}