{
    "Force_Back_0": 0,
    "Force_Back_5": 5041.610984728046,
    "Force_Back_10": 5041.661896212268,
    "Force_Back_15": 5041.541439449571,
    "Force_Back_20": 5041.430673785281,
    "Force_Back_25": 5041.394694386676,
    "Force_Back_30": 5041.579249313074,
    "Force_Back_35": 5041.837726879323,
    "Force_Back_40": 5041.520301931036,
    "Force_Back_45": 5042.21003227499,
    "Force_Back_50": 5043.3019372569115,
    "Force_Back_55": 5042.732904508957,
    "Force_Back_60": 5041.655049064387,
    "Force_Back_65": 5037.874940940421,
    "Force_Back_70": 5042.895377345257,
    "Force_Back_75": 5041.526749714624,
    "Force_Back_80": 5041.575773348995,
    "Force_Back_85": 5043.350506271823,
    "Force_Back_90": 5035.684179165256,
    "Force_Back_95": 5042.791049899287,
    "Force_Back_100": 5044.423757705445,
    "Force_Back_105": 5042.578156073787,
    "Force_Back_110": 5042.863331453137,
    "Force_Back_115": 5042.211845618053,
    "Force_Back_120": 5041.210160157059,
    "Force_Back_125": 5042.055297206374,
    "Force_Back_130": 5043.014401300817,
    "Force_Back_135": 5042.327013937015,
    "Force_Back_140": 5042.203252651499,
    "Force_Back_145": 5041.958115544425,
    "Force_Back_150": 5041.614331205012,
    "Force_Back_155": 5041.812353220065,
    "Force_Back_160": 5041.462709268052,
    "Force_Back_165": 5040.783452208807,
    "Force_Back_170": 5042.963159700825,
    "Force_Back_175": 5045.487780020821,
    "Force_Back_180": 5039.380024151062,
    "Force_Back_185": 5037.551355721497,
    "Force_Back_190": 5037.611920292909,
    "Force_Back_195": 5039.533460091222,
    "Force_Back_200": 5038.206787292211,
    "Force_Back_205": 5042.087173190596,
    "Force_Back_210": 5042.330369918049,
    "Force_Back_215": 5045.430239889187,
    "Force_Back_220": 5043.428143242879,
    "Force_Back_225": 5041.903910691673,
    "Force_Back_230": 5041.483631141938,
    "Force_Back_235": 5041.8258294053085
}