{
    "Force_Back_0": 0,
    "Force_Back_5": 1468.2247614694613,
    "Force_Back_10": 1470.542179666234,
    "Force_Back_15": 1469.0506349282773,
    "Force_Back_20": 1472.5988356576697,
    "Force_Back_25": 1472.1451724337385,
    "Force_Back_30": 1470.8749240364377,
    "Force_Back_35": 1477.230989474894,
    "Force_Back_40": 1490.2372091726947,
    "Force_Back_45": 1529.6870725981262,
    "Force_Back_50": 1615.8248632965483,
    "Force_Back_55": 1727.7012349664628,
    "Force_Back_60": 1809.7744070647204,
    "Force_Back_65": 1829.1311644982807,
    "Force_Back_70": 1849.3392828707308,
    "Force_Back_75": 1856.2266660016176,
    "Force_Back_80": 1859.8511093782165,
    "Force_Back_85": 1856.8141956333775,
    "Force_Back_90": 1827.4045001135892,
    "Force_Back_95": 1821.5811684218634,
    "Force_Back_100": 1754.4096237149033,
    "Force_Back_105": 1652.1412054168952,
    "Force_Back_110": 1561.5836516992995,
    "Force_Back_115": 1506.624667423699,
    "Force_Back_120": 1474.9227363124446,
    "Force_Back_125": 1460.854588260288,
    "Force_Back_130": 1462.6455225861,
    "Force_Back_135": 1464.4569556572872,
    "Force_Back_140": 1465.841880417187,
    "Force_Back_145": 1461.8004966403835,
    "Force_Back_150": 1465.0326622463751,
    "Force_Back_155": 1462.198531498091,
    "Force_Back_160": 1464.9181299329243,
    "Force_Back_165": 1502.4789576304368,
    "Force_Back_170": 1593.406712567438,
    "Force_Back_175": 1721.5850279120102,
    "Force_Back_180": 1800.1919854952173,
    "Force_Back_185": 1833.06235106347,
    "Force_Back_190": 1841.7479818726526,
    "Force_Back_195": 1837.9018983812498,
    "Force_Back_200": 1845.8153803808368,
    "Force_Back_205": 1832.240446433773,
    "Force_Back_210": 1783.330325414745,
    "Force_Back_215": 1706.9152305554715,
    "Force_Back_220": 1612.9909244060905,
    "Force_Back_225": 1545.9937401715354,
    "Force_Back_230": 1507.4838220667677,
    "Force_Back_235": 1484.913460100317
}