{
    "Force_Back_0": 0,
    "Force_Back_5": 4614.878205654814,
    "Force_Back_10": 4617.762250529725,
    "Force_Back_15": 4615.927933797953,
    "Force_Back_20": 4620.390876125766,
    "Force_Back_25": 4619.832791945504,
    "Force_Back_30": 4618.198842717278,
    "Force_Back_35": 4626.079305123786,
    "Force_Back_40": 4642.416435983108,
    "Force_Back_45": 4691.556332678909,
    "Force_Back_50": 4798.955594806457,
    "Force_Back_55": 4938.943317580839,
    "Force_Back_60": 5041.804246564803,
    "Force_Back_65": 5066.945220387745,
    "Force_Back_70": 5090.950259252099,
    "Force_Back_75": 5099.901645073366,
    "Force_Back_80": 5104.419943385521,
    "Force_Back_85": 5100.180117973766,
    "Force_Back_90": 5065.334580350672,
    "Force_Back_95": 5056.278698052507,
    "Force_Back_100": 4971.906090217268,
    "Force_Back_105": 4844.531967752671,
    "Force_Back_110": 4731.26373176084,
    "Force_Back_115": 4662.727872875111,
    "Force_Back_120": 4623.3508803512905,
    "Force_Back_125": 4605.554411023766,
    "Force_Back_130": 4607.55330290742,
    "Force_Back_135": 4609.989441087355,
    "Force_Back_140": 4611.751537358608,
    "Force_Back_145": 4606.761091914373,
    "Force_Back_150": 4610.887245006716,
    "Force_Back_155": 4607.295076067597,
    "Force_Back_160": 4610.781985099142,
    "Force_Back_165": 4657.902833985844,
    "Force_Back_170": 4771.017600784091,
    "Force_Back_175": 4930.609339884808,
    "Force_Back_180": 5030.394975831256,
    "Force_Back_185": 5071.940099898963,
    "Force_Back_190": 5082.781997267588,
    "Force_Back_195": 5077.494007953756,
    "Force_Back_200": 5087.717528652993,
    "Force_Back_205": 5069.778764744567,
    "Force_Back_210": 5008.580314288918,
    "Force_Back_215": 4912.286478222042,
    "Force_Back_220": 4795.381619696893,
    "Force_Back_225": 4712.016197541499,
    "Force_Back_230": 4663.983869797975,
    "Force_Back_235": 4635.685367774068
}