{
    "Force_Back_0": 0,
    "Force_Back_5": 468.2247614694612,
    "Force_Back_10": 470.542179666234,
    "Force_Back_15": 469.0506349282774,
    "Force_Back_20": 472.5988356576697,
    "Force_Back_25": 472.1451724337384,
    "Force_Back_30": 470.8749240364378,
    "Force_Back_35": 477.2309894748939,
    "Force_Back_40": 490.2372091726947,
    "Force_Back_45": 529.6870725981261,
    "Force_Back_50": 615.8248632965483,
    "Force_Back_55": 727.7012349664628,
    "Force_Back_60": 809.7744070647204,
    "Force_Back_65": 829.1311644982806,
    "Force_Back_70": 849.3392828707308,
    "Force_Back_75": 856.2266660016176,
    "Force_Back_80": 859.8511093782165,
    "Force_Back_85": 856.8141956333775,
    "Force_Back_90": 827.4045001135889,
    "Force_Back_95": 821.5811684218634,
    "Force_Back_100": 754.4096237149033,
    "Force_Back_105": 652.1412054168952,
    "Force_Back_110": 561.5836516992993,
    "Force_Back_115": 506.62466742369907,
    "Force_Back_120": 474.9227363124445,
    "Force_Back_125": 460.8545882602881,
    "Force_Back_130": 462.6455225860999,
    "Force_Back_135": 464.4569556572872,
    "Force_Back_140": 465.841880417187,
    "Force_Back_145": 461.8004966403835,
    "Force_Back_150": 465.032662246375,
    "Force_Back_155": 462.1985314980908,
    "Force_Back_160": 464.9181299329245,
    "Force_Back_165": 502.47895763043687,
    "Force_Back_170": 593.4067125674381,
    "Force_Back_175": 721.5850279120102,
    "Force_Back_180": 800.1919854952173,
    "Force_Back_185": 833.06235106347,
    "Force_Back_190": 841.7479818726528,
    "Force_Back_195": 837.9018983812497,
    "Force_Back_200": 845.8153803808367,
    "Force_Back_205": 832.2404464337731,
    "Force_Back_210": 783.330325414745,
    "Force_Back_215": 706.9152305554715,
    "Force_Back_220": 612.9909244060902,
    "Force_Back_225": 545.9937401715353,
    "Force_Back_230": 507.48382206676774,
    "Force_Back_235": 484.91346010031697,
    "Force_Back_240": 689.003950762086
}