{
    "Force_Back_0": 0,
    "Force_Back_5": 457.5403023709586,
    "Force_Back_10": 442.79592366208396,
    "Force_Back_15": 453.3039645036193,
    "Force_Back_20": 452.82635371711604,
    "Force_Back_25": 478.0382609015937,
    "Force_Back_30": 493.8222607239508,
    "Force_Back_35": 510.3413903797517,
    "Force_Back_40": 526.7283595511927,
    "Force_Back_45": 528.8665729645716,
    "Force_Back_50": 518.4551954721819,
    "Force_Back_55": 511.95007589868004,
    "Force_Back_60": 522.3094618725493,
    "Force_Back_65": 520.9704706359721,
    "Force_Back_70": 515.3793707779341,
    "Force_Back_75": 531.5173348694215,
    "Force_Back_80": 540.2062245165127,
    "Force_Back_85": 557.407315736337,
    "Force_Back_90": 578.413378160895,
    "Force_Back_95": 602.799591686598,
    "Force_Back_100": 609.2777711478925,
    "Force_Back_105": 620.8473112306282,
    "Force_Back_110": 634.7467352052674,
    "Force_Back_115": 641.2331072643951,
    "Force_Back_120": 643.6418381140738,
    "Force_Back_125": 668.8964720708422,
    "Force_Back_130": 655.8978287356163,
    "Force_Back_135": 661.710586365072,
    "Force_Back_140": 672.9138814833166,
    "Force_Back_145": 666.7621317795106,
    "Force_Back_150": 669.7537015392284,
    "Force_Back_155": 673.7760185556452,
    "Force_Back_160": 683.5134961143387,
    "Force_Back_165": 688.7025821245059,
    "Force_Back_170": 673.1478452580207,
    "Force_Back_175": 674.3775508021406,
    "Force_Back_180": 671.0580886857468,
    "Force_Back_185": 699.0372363519966,
    "Force_Back_190": 693.9356341424982,
    "Force_Back_195": 684.8907195815905,
    "Force_Back_200": 681.7551322406796,
    "Force_Back_205": 698.0808765829888,
    "Force_Back_210": 701.3195629968395,
    "Force_Back_215": 697.7872363966795,
    "Force_Back_220": 702.7627820116254,
    "Force_Back_225": 669.0496842479844,
    "Force_Back_230": 658.99133840279,
    "Force_Back_235": 689.8638228803594,
    "Force_Back_240": 689.003950762086
}