{
    "Force_Back_0": 0,
    "Force_Back_5": 3354.8782056548152,
    "Force_Back_10": 3357.7622505297254,
    "Force_Back_15": 3355.927933797954,
    "Force_Back_20": 3360.390876125767,
    "Force_Back_25": 3359.832791945504,
    "Force_Back_30": 3358.1988427172787,
    "Force_Back_35": 3366.0793051237865,
    "Force_Back_40": 3382.4164359831093,
    "Force_Back_45": 3431.55633267891,
    "Force_Back_50": 3538.955594806457,
    "Force_Back_55": 3678.9433175808394,
    "Force_Back_60": 3781.8042465648036,
    "Force_Back_65": 3806.9452203877454,
    "Force_Back_70": 3830.9502592520994,
    "Force_Back_75": 3839.901645073366,
    "Force_Back_80": 3844.419943385522,
    "Force_Back_85": 3840.180117973766,
    "Force_Back_90": 3805.334580350672,
    "Force_Back_95": 3796.2786980525075,
    "Force_Back_100": 3711.906090217268,
    "Force_Back_105": 3584.5319677526722,
    "Force_Back_110": 3471.2637317608396,
    "Force_Back_115": 3402.7278728751103,
    "Force_Back_120": 3590.140946942596,
    "Force_Back_125": 3560.474781479392,
    "Force_Back_130": 3538.403960646447,
    "Force_Back_135": 3528.863600524884,
    "Force_Back_140": 3526.914892537416,
    "Force_Back_145": 3528.8073623025048,
    "Force_Back_150": 3529.575307922998,
    "Force_Back_155": 3552.689130593821,
    "Force_Back_160": 3566.333264536047,
    "Force_Back_165": 3634.709562646844,
    "Force_Back_170": 3719.3514741547615,
    "Force_Back_175": 3858.2883458392794,
    "Force_Back_180": 3977.00021828976,
    "Force_Back_185": 4022.0373918364767,
    "Force_Back_190": 4030.3117504657616,
    "Force_Back_195": 4022.724732060128,
    "Force_Back_200": 4029.843754250021,
    "Force_Back_205": 3992.9819852081055,
    "Force_Back_210": 3937.4965041089326,
    "Force_Back_215": 3823.209689823366,
    "Force_Back_220": 3715.701770222711,
    "Force_Back_225": 3648.796613340622,
    "Force_Back_230": 3594.7270554575484,
    "Force_Back_235": 3568.0804062841853
}