{
    "Moment_Back_0": 0,
    "Moment_Back_5": 10.88158886842039,
    "Moment_Back_10": 11.38946150194664,
    "Moment_Back_15": 12.307049062139852,
    "Moment_Back_20": 12.422947544023817,
    "Moment_Back_25": 13.975791836256919,
    "Moment_Back_30": 13.41609996015523,
    "Moment_Back_35": 18.896546123500173,
    "Moment_Back_40": 30.952639480252166,
    "Moment_Back_45": 58.07343218918,
    "Moment_Back_50": 110.22280258660847,
    "Moment_Back_55": 179.44730892954223,
    "Moment_Back_60": 223.8160354262813,
    "Moment_Back_65": 236.32153000773278,
    "Moment_Back_70": 235.82713905697267,
    "Moment_Back_75": 237.47450953904885,
    "Moment_Back_80": 235.91236824941157,
    "Moment_Back_85": 235.4290813592697,
    "Moment_Back_90": 241.51385836650084,
    "Moment_Back_95": 225.3996483854295,
    "Moment_Back_100": 183.78128440234593,
    "Moment_Back_105": 126.6357479406742,
    "Moment_Back_110": 66.90961880679451,
    "Moment_Back_115": 38.4987759119431,
    "Moment_Back_120": 19.548200099103898,
    "Moment_Back_125": 9.214894486342512,
    "Moment_Back_130": 5.963110393779153,
    "Moment_Back_135": 9.696930057736187,
    "Moment_Back_140": 8.690017858243131,
    "Moment_Back_145": 5.7486321444382105,
    "Moment_Back_150": 7.982429273396101,
    "Moment_Back_155": 10.547503186372719,
    "Moment_Back_160": 17.444967482395985,
    "Moment_Back_165": 51.59555098858781,
    "Moment_Back_170": 100.71499387810174,
    "Moment_Back_175": 168.0198333455019,
    "Moment_Back_180": 222.75693812647665,
    "Moment_Back_185": 238.18842503415715,
    "Moment_Back_190": 240.19413326602105,
    "Moment_Back_195": 235.66285871875752,
    "Moment_Back_200": 240.28239269355672,
    "Moment_Back_205": 225.4359273218762,
    "Moment_Back_210": 200.4815332306554,
    "Moment_Back_215": 147.51587439970976,
    "Moment_Back_220": 93.82196129151814,
    "Moment_Back_225": 61.25527310335692,
    "Moment_Back_230": 34.55993500273839,
    "Moment_Back_235": 19.76509000189686
}