{
    "Moment_Shoulder_0": 0,
    "Moment_Shoulder_5": 2.349745401208479,
    "Moment_Shoulder_10": 2.638818420602653,
    "Moment_Shoulder_15": 2.5121697594947117,
    "Moment_Shoulder_20": 2.5241294961953593,
    "Moment_Shoulder_25": 2.325628355183673,
    "Moment_Shoulder_30": 2.319020143570147,
    "Moment_Shoulder_35": 2.222720500399384,
    "Moment_Shoulder_40": 1.8803684863543808,
    "Moment_Shoulder_45": 1.5570794927334455,
    "Moment_Shoulder_50": 0.6326468065643656,
    "Moment_Shoulder_55": 1.0891940350977791,
    "Moment_Shoulder_60": 2.2757114317650475,
    "Moment_Shoulder_65": 2.9109355592797783,
    "Moment_Shoulder_70": 3.362337074902999,
    "Moment_Shoulder_75": 3.4749171254765736,
    "Moment_Shoulder_80": 3.0362957742243726,
    "Moment_Shoulder_85": 2.973530902659911,
    "Moment_Shoulder_90": 2.9418088547628876,
    "Moment_Shoulder_95": 2.7256070775127386,
    "Moment_Shoulder_100": 3.6627814357327977,
    "Moment_Shoulder_105": 5.453878259709303,
    "Moment_Shoulder_110": 8.582277420846573,
    "Moment_Shoulder_115": 11.353553832371887,
    "Moment_Shoulder_120": 15.358259660123778,
    "Moment_Shoulder_125": 18.88614451158228,
    "Moment_Shoulder_130": 19.71905502913362,
    "Moment_Shoulder_135": 19.729812500814678,
    "Moment_Shoulder_140": 19.33522167469961,
    "Moment_Shoulder_145": 18.912931298617895,
    "Moment_Shoulder_150": 18.276571681124455,
    "Moment_Shoulder_155": 16.051940932379903,
    "Moment_Shoulder_160": 13.159273050834864,
    "Moment_Shoulder_165": 10.116037937071248,
    "Moment_Shoulder_170": 6.751343022456782,
    "Moment_Shoulder_175": 2.9176507945019234,
    "Moment_Shoulder_180": 1.5040850075343506,
    "Moment_Shoulder_185": 1.6889943715230578,
    "Moment_Shoulder_190": 2.2337898202947337,
    "Moment_Shoulder_195": 1.6928735054009525,
    "Moment_Shoulder_200": 2.214897906495784,
    "Moment_Shoulder_205": 1.4615846773658523,
    "Moment_Shoulder_210": 1.492743934182218,
    "Moment_Shoulder_215": 1.676993165944577,
    "Moment_Shoulder_220": 2.5951175547027034,
    "Moment_Shoulder_225": 3.524249493268753,
    "Moment_Shoulder_230": 4.1390979194021265,
    "Moment_Shoulder_235": 4.842792962830373
}