{
    "Moment_Shoulder_0": 0,
    "Moment_Shoulder_5": 2.3513080484062447,
    "Moment_Shoulder_10": 2.644902634862492,
    "Moment_Shoulder_15": 2.504081972981893,
    "Moment_Shoulder_20": 2.525028066675977,
    "Moment_Shoulder_25": 2.3254272394925937,
    "Moment_Shoulder_30": 2.310710212140044,
    "Moment_Shoulder_35": 2.233586050779021,
    "Moment_Shoulder_40": 1.8751385954477497,
    "Moment_Shoulder_45": 1.5816383936939957,
    "Moment_Shoulder_50": 0.603993917237847,
    "Moment_Shoulder_55": 1.102267986492019,
    "Moment_Shoulder_60": 2.3681294644669766,
    "Moment_Shoulder_65": 2.8093153803294597,
    "Moment_Shoulder_70": 3.3750151334158054,
    "Moment_Shoulder_75": 3.5200531780306705,
    "Moment_Shoulder_80": 3.0452673268677355,
    "Moment_Shoulder_85": 2.9422059988646625,
    "Moment_Shoulder_90": 2.9098281809028474,
    "Moment_Shoulder_95": 2.7827524112377477,
    "Moment_Shoulder_100": 3.663789302948607,
    "Moment_Shoulder_105": 5.434006009129233,
    "Moment_Shoulder_110": 8.585108182680782,
    "Moment_Shoulder_115": 11.244452330450638,
    "Moment_Shoulder_120": 15.280006002196544,
    "Moment_Shoulder_125": 18.984127629433747,
    "Moment_Shoulder_130": 19.821082834962027,
    "Moment_Shoulder_135": 19.808558150984684,
    "Moment_Shoulder_140": 19.312588692143173,
    "Moment_Shoulder_145": 18.972501724495988,
    "Moment_Shoulder_150": 18.336657869582407,
    "Moment_Shoulder_155": 15.993878291489906,
    "Moment_Shoulder_160": 13.139129350165591,
    "Moment_Shoulder_165": 10.10841505050859,
    "Moment_Shoulder_170": 6.746117752743533,
    "Moment_Shoulder_175": 2.875152398883489,
    "Moment_Shoulder_180": 1.4655027976284252,
    "Moment_Shoulder_185": 1.681461009223087,
    "Moment_Shoulder_190": 2.303827942542032,
    "Moment_Shoulder_195": 1.6740394547759072,
    "Moment_Shoulder_200": 2.1838887928641806,
    "Moment_Shoulder_205": 1.4478204484191832,
    "Moment_Shoulder_210": 1.5104238232522744,
    "Moment_Shoulder_215": 1.6581345306222195,
    "Moment_Shoulder_220": 2.60796015391622,
    "Moment_Shoulder_225": 3.5219322732096723,
    "Moment_Shoulder_230": 4.149866277898458,
    "Moment_Shoulder_235": 4.865033379481439
}