{
    "Moment_Back_0": 0,
    "Moment_Back_5": 13.448688391201024,
    "Moment_Back_10": 14.141354060898141,
    "Moment_Back_15": 10.636526819172339,
    "Moment_Back_20": 14.046477573808986,
    "Moment_Back_25": 11.880967135997496,
    "Moment_Back_30": 13.672455980770398,
    "Moment_Back_35": 21.37293919149868,
    "Moment_Back_40": 35.96610140147056,
    "Moment_Back_45": 69.3348418644425,
    "Moment_Back_50": 127.96307109119995,
    "Moment_Back_55": 188.88996767692234,
    "Moment_Back_60": 236.42109766184382,
    "Moment_Back_65": 246.54387366435074,
    "Moment_Back_70": 258.83892774210096,
    "Moment_Back_75": 261.86692167179166,
    "Moment_Back_80": 267.4185626048415,
    "Moment_Back_85": 264.49254313624124,
    "Moment_Back_90": 242.21716387982073,
    "Moment_Back_95": 245.94755957806746,
    "Moment_Back_100": 209.62908984409287,
    "Moment_Back_105": 146.2628045224035,
    "Moment_Back_110": 95.9160487603985,
    "Moment_Back_115": 58.814276096181494,
    "Moment_Back_120": 39.12729216007224,
    "Moment_Back_125": 29.04044449025928,
    "Moment_Back_130": 21.57703973462071,
    "Moment_Back_135": 17.942555595967256,
    "Moment_Back_140": 15.11431291128552,
    "Moment_Back_145": 17.333714379191097,
    "Moment_Back_150": 17.40607726109662,
    "Moment_Back_155": 19.941013011507195,
    "Moment_Back_160": 39.77567731312194,
    "Moment_Back_165": 58.67378048754305,
    "Moment_Back_170": 118.95279994834475,
    "Moment_Back_175": 194.21125150715426,
    "Moment_Back_180": 230.12371753398057,
    "Moment_Back_185": 245.05256211525918,
    "Moment_Back_190": 252.17941399388397,
    "Moment_Back_195": 240.63638546306845,
    "Moment_Back_200": 254.68814040360311,
    "Moment_Back_205": 249.17111295548875,
    "Moment_Back_210": 217.43562959034813,
    "Moment_Back_215": 174.5248211058013,
    "Moment_Back_220": 116.42685743419288,
    "Moment_Back_225": 68.11234344872732,
    "Moment_Back_230": 45.034750071111645,
    "Moment_Back_235": 29.623463750418473
}