{
    "Moment_Back_0": 0,
    "Moment_Back_5": 20.402584516244996,
    "Moment_Back_10": 22.405101145348848,
    "Moment_Back_15": 22.15281623405796,
    "Moment_Back_20": 22.418451902531118,
    "Moment_Back_25": 23.198499572743156,
    "Moment_Back_30": 23.097934606974277,
    "Moment_Back_35": 31.798354075982378,
    "Moment_Back_40": 48.23974104078774,
    "Moment_Back_45": 86.85293777135469,
    "Moment_Back_50": 157.19451091206804,
    "Moment_Back_55": 252.89639037249623,
    "Moment_Back_60": 317.5563701231101,
    "Moment_Back_65": 344.1258080694993,
    "Moment_Back_70": 346.5083055495374,
    "Moment_Back_75": 349.8317865806197,
    "Moment_Back_80": 346.82199016318634,
    "Moment_Back_85": 344.16368387270063,
    "Moment_Back_90": 353.4353948770373,
    "Moment_Back_95": 333.1538796518567,
    "Moment_Back_100": 282.0070203824426,
    "Moment_Back_105": 208.22428543588939,
    "Moment_Back_110": 137.59976591318187,
    "Moment_Back_115": 107.18468058377071,
    "Moment_Back_120": 97.39563621907473,
    "Moment_Back_125": 97.7797403029325,
    "Moment_Back_130": 92.05159879453983,
    "Moment_Back_135": 85.95043675560946,
    "Moment_Back_140": 83.30458322461533,
    "Moment_Back_145": 83.5282893194162,
    "Moment_Back_150": 78.50342417267267,
    "Moment_Back_155": 80.7156631415113,
    "Moment_Back_160": 80.6825138226138,
    "Moment_Back_165": 114.44808864030236,
    "Moment_Back_170": 169.43031885247083,
    "Moment_Back_175": 252.70427389099981,
    "Moment_Back_180": 323.3381056793476,
    "Moment_Back_185": 347.71361367854206,
    "Moment_Back_190": 350.04677601400357,
    "Moment_Back_195": 342.8616793404556,
    "Moment_Back_200": 352.25364314691825,
    "Moment_Back_205": 330.3312324813402,
    "Moment_Back_210": 296.4441673188355,
    "Moment_Back_215": 223.63124702221762,
    "Moment_Back_220": 149.13711313885065,
    "Moment_Back_225": 102.61269917507961,
    "Moment_Back_230": 65.46376736876154,
    "Moment_Back_235": 46.70731979208008
}