{
    "Moment_Shoulder_0": 0,
    "Moment_Shoulder_5": 8.057338354085822,
    "Moment_Shoulder_10": 9.172803540935641,
    "Moment_Shoulder_15": 8.747527702987258,
    "Moment_Shoulder_20": 8.748276846339968,
    "Moment_Shoulder_25": 7.954707474578571,
    "Moment_Shoulder_30": 7.932776451249305,
    "Moment_Shoulder_35": 7.493174742382387,
    "Moment_Shoulder_40": 6.161931045834024,
    "Moment_Shoulder_45": 4.624420916460116,
    "Moment_Shoulder_50": 2.242414685720485,
    "Moment_Shoulder_55": 6.018169658620931,
    "Moment_Shoulder_60": 10.068026804900624,
    "Moment_Shoulder_65": 11.273006671955214,
    "Moment_Shoulder_70": 13.25429080948201,
    "Moment_Shoulder_75": 13.653414238948862,
    "Moment_Shoulder_80": 12.094222420062586,
    "Moment_Shoulder_85": 11.9095167719305,
    "Moment_Shoulder_90": 10.95246817708125,
    "Moment_Shoulder_95": 9.95186977001935,
    "Moment_Shoulder_100": 18.610964909812292,
    "Moment_Shoulder_105": 18.930440843402025,
    "Moment_Shoulder_110": 13.879936750869645,
    "Moment_Shoulder_115": 25.20440088808056,
    "Moment_Shoulder_120": 35.86951791958231,
    "Moment_Shoulder_125": 56.632426571727294,
    "Moment_Shoulder_130": 64.7614728938374,
    "Moment_Shoulder_135": 52.76184241267989,
    "Moment_Shoulder_140": 45.75245523456194,
    "Moment_Shoulder_145": 28.510451224979576,
    "Moment_Shoulder_150": 23.277823090556137,
    "Moment_Shoulder_155": 19.084139774629264,
    "Moment_Shoulder_160": 16.665308079098512,
    "Moment_Shoulder_165": 13.851492815871218,
    "Moment_Shoulder_170": 13.148031890002883,
    "Moment_Shoulder_175": 16.407377996501715,
    "Moment_Shoulder_180": 24.439385474873784,
    "Moment_Shoulder_185": 30.522993961251473,
    "Moment_Shoulder_190": 37.814429990341175,
    "Moment_Shoulder_195": 61.58949277039308,
    "Moment_Shoulder_200": 85.77183447818747,
    "Moment_Shoulder_205": 89.63926826895822,
    "Moment_Shoulder_210": 91.93682486290928,
    "Moment_Shoulder_215": 85.58513682402359,
    "Moment_Shoulder_220": 81.81755308157499,
    "Moment_Shoulder_225": 62.906230824589294,
    "Moment_Shoulder_230": 42.22666944187974,
    "Moment_Shoulder_235": 2.312683011947467,
    "Moment_Shoulder_240": 8.025858722931519,
    "Moment_Shoulder_245": 10.433835258446106,
    "Moment_Shoulder_250": 10.122711154379594
}