{
    "Moment_Shoulder_0": 0,
    "Moment_Shoulder_5": 3.607280560684587,
    "Moment_Shoulder_10": 4.207260365246418,
    "Moment_Shoulder_15": 4.019163400721744,
    "Moment_Shoulder_20": 3.9914349902937123,
    "Moment_Shoulder_25": 3.546491217882224,
    "Moment_Shoulder_30": 3.5361051436685984,
    "Moment_Shoulder_35": 3.2591089913165483,
    "Moment_Shoulder_40": 2.5422791859690497,
    "Moment_Shoulder_45": 1.5768292911060209,
    "Moment_Shoulder_50": 1.9259950261764016,
    "Moment_Shoulder_55": 4.658607987268828,
    "Moment_Shoulder_60": 6.523810192085831,
    "Moment_Shoulder_65": 6.262772665550426,
    "Moment_Shoulder_70": 7.481655595844019,
    "Moment_Shoulder_75": 7.709759179003672,
    "Moment_Shoulder_80": 6.98527580479748,
    "Moment_Shoulder_85": 6.8827089926640195,
    "Moment_Shoulder_90": 5.89599892515552,
    "Moment_Shoulder_95": 5.373811668127283,
    "Moment_Shoulder_100": 6.054527570183113,
    "Moment_Shoulder_105": 9.318520957917434,
    "Moment_Shoulder_110": 16.17787755600536,
    "Moment_Shoulder_115": 22.88579204948594,
    "Moment_Shoulder_120": 33.227571925451294,
    "Moment_Shoulder_125": 42.722401891234476,
    "Moment_Shoulder_130": 45.83527647258712,
    "Moment_Shoulder_135": 46.387737448664154,
    "Moment_Shoulder_140": 45.58234712495028,
    "Moment_Shoulder_145": 44.03661808066618,
    "Moment_Shoulder_150": 41.80871618774844,
    "Moment_Shoulder_155": 35.40665339223737,
    "Moment_Shoulder_160": 27.56039149357503,
    "Moment_Shoulder_165": 19.887609316995277,
    "Moment_Shoulder_170": 12.409808094589037,
    "Moment_Shoulder_175": 4.504312972511492,
    "Moment_Shoulder_180": 2.482265147362486,
    "Moment_Shoulder_185": 2.147546947501229,
    "Moment_Shoulder_190": 4.286751151578267,
    "Moment_Shoulder_195": 3.4835369631920483,
    "Moment_Shoulder_200": 4.668913985002891,
    "Moment_Shoulder_205": 2.8734516790002425,
    "Moment_Shoulder_210": 2.5021856965233553,
    "Moment_Shoulder_215": 2.2854571231039,
    "Moment_Shoulder_220": 3.913989952870654,
    "Moment_Shoulder_225": 5.908816380802414,
    "Moment_Shoulder_230": 7.612869609707982,
    "Moment_Shoulder_235": 9.101000593062508,
    "Moment_Shoulder_240": 8.025858722931519,
    "Moment_Shoulder_245": 10.433835258446106,
    "Moment_Shoulder_250": 10.122711154379594
}