{
    "Moment_Back_0": 0,
    "Moment_Back_5": 70.65344418535375,
    "Moment_Back_10": 71.2200708634913,
    "Moment_Back_15": 70.87729886967671,
    "Moment_Back_20": 71.79204046809716,
    "Moment_Back_25": 71.68761951176558,
    "Moment_Back_30": 71.32391868084099,
    "Moment_Back_35": 72.84831564889264,
    "Moment_Back_40": 76.17922681041483,
    "Moment_Back_45": 85.86926008078399,
    "Moment_Back_50": 107.13073150990914,
    "Moment_Back_55": 135.24208261437633,
    "Moment_Back_60": 156.0298395000833,
    "Moment_Back_65": 161.81405588946492,
    "Moment_Back_70": 165.61097638136852,
    "Moment_Back_75": 167.67497907174834,
    "Moment_Back_80": 168.56883400730516,
    "Moment_Back_85": 167.36592234038852,
    "Moment_Back_90": 161.93008023708322,
    "Moment_Back_95": 158.6975296306441,
    "Moment_Back_100": 141.49646650236463,
    "Moment_Back_105": 116.39076233577714,
    "Moment_Back_110": 93.68008006154051,
    "Moment_Back_115": 80.10320545141143,
    "Moment_Back_120": 85.78626473812287,
    "Moment_Back_125": 79.68396120900101,
    "Moment_Back_130": 75.07792061259546,
    "Moment_Back_135": 73.30733192318229,
    "Moment_Back_140": 72.94233766301222,
    "Moment_Back_145": 73.36986492617379,
    "Moment_Back_150": 73.5923011068064,
    "Moment_Back_155": 78.17536954321841,
    "Moment_Back_160": 80.97498763714262,
    "Moment_Back_165": 94.78532811704746,
    "Moment_Back_170": 111.2780104565999,
    "Moment_Back_175": 138.5602542295278,
    "Moment_Back_180": 163.52466518228022,
    "Moment_Back_185": 172.8976668581548,
    "Moment_Back_190": 174.5406615641449,
    "Moment_Back_195": 172.63828352160013,
    "Moment_Back_200": 174.32872159455582,
    "Moment_Back_205": 166.17948590525666,
    "Moment_Back_210": 155.03359624607805,
    "Moment_Back_215": 131.55616728647755,
    "Moment_Back_220": 110.4555810378053,
    "Moment_Back_225": 97.37854969241482,
    "Moment_Back_230": 86.64878413837185,
    "Moment_Back_235": 81.25095340299917,
    "Moment_Back_240": 18.982182884805177,
    "Moment_Back_245": 18.82054733112757,
    "Moment_Back_250": 17.577313231818316
}