{
    "Moment_Shoulder_0": 0,
    "Moment_Shoulder_5": 12.001155080802068,
    "Moment_Shoulder_10": 13.598550204703985,
    "Moment_Shoulder_15": 12.96415424088818,
    "Moment_Shoulder_20": 12.983012027551698,
    "Moment_Shoulder_25": 11.858408569283378,
    "Moment_Shoulder_30": 11.82680254455262,
    "Moment_Shoulder_35": 11.223511858025498,
    "Moment_Shoulder_40": 9.323839664573166,
    "Moment_Shoulder_45": 7.237792216101536,
    "Moment_Shoulder_50": 3.105812116823588,
    "Moment_Shoulder_55": 7.76717303982367,
    "Moment_Shoulder_60": 13.79447105801212,
    "Moment_Shoulder_65": 16.115519326689956,
    "Moment_Shoulder_70": 18.839886162889293,
    "Moment_Shoulder_75": 19.41242672539301,
    "Moment_Shoulder_80": 17.117777038008686,
    "Moment_Shoulder_85": 16.84229256921492,
    "Moment_Shoulder_90": 15.822807629325178,
    "Moment_Shoulder_95": 14.432739829674466,
    "Moment_Shoulder_100": 18.790568363355383,
    "Moment_Shoulder_105": 28.519409862213983,
    "Moment_Shoulder_110": 46.21247370850316,
    "Moment_Shoulder_115": 62.38048167399468,
    "Moment_Shoulder_120": 86.16439844415173,
    "Moment_Shoulder_125": 107.33321594900866,
    "Moment_Shoulder_130": 113.04375637969301,
    "Moment_Shoulder_135": 113.54003085136992,
    "Moment_Shoulder_140": 111.415825349981,
    "Moment_Shoulder_145": 108.50501551445163,
    "Moment_Shoulder_150": 104.26254041601432,
    "Moment_Shoulder_155": 90.58180609338105,
    "Moment_Shoulder_160": 73.08371416194535,
    "Moment_Shoulder_165": 55.12739736554626,
    "Moment_Shoulder_170": 36.09649286288685,
    "Moment_Shoulder_175": 14.783776392408567,
    "Moment_Shoulder_180": 7.225301889968024,
    "Moment_Shoulder_185": 8.03038377120809,
    "Moment_Shoulder_190": 11.741328471807487,
    "Moment_Shoulder_195": 8.973722821516155,
    "Moment_Shoulder_200": 11.92265584663098,
    "Moment_Shoulder_205": 7.606867113865878,
    "Moment_Shoulder_210": 7.284530871331521,
    "Moment_Shoulder_215": 8.105854263787883,
    "Moment_Shoulder_220": 13.162458819440609,
    "Moment_Shoulder_225": 18.38120363358438,
    "Moment_Shoulder_230": 22.129045650448443,
    "Moment_Shoulder_235": 26.04324190027393
}