{
    "Moment_Back_0": 0,
    "Moment_Back_5": 26.653444185353756,
    "Moment_Back_10": 27.220070863491298,
    "Moment_Back_15": 26.8772988696767,
    "Moment_Back_20": 27.792040468097152,
    "Moment_Back_25": 27.687619511765575,
    "Moment_Back_30": 27.323918680840986,
    "Moment_Back_35": 28.848315648892637,
    "Moment_Back_40": 32.17922681041483,
    "Moment_Back_45": 41.86926008078399,
    "Moment_Back_50": 63.13073150990913,
    "Moment_Back_55": 91.24208261437632,
    "Moment_Back_60": 112.02983950008333,
    "Moment_Back_65": 117.81405588946492,
    "Moment_Back_70": 121.61097638136852,
    "Moment_Back_75": 123.67497907174833,
    "Moment_Back_80": 124.56883400730517,
    "Moment_Back_85": 123.36592234038854,
    "Moment_Back_90": 117.93008023708322,
    "Moment_Back_95": 114.69752963064413,
    "Moment_Back_100": 97.49646650236463,
    "Moment_Back_105": 72.39076233577714,
    "Moment_Back_110": 49.68008006154051,
    "Moment_Back_115": 36.10320545141143,
    "Moment_Back_120": 28.428144038846398,
    "Moment_Back_125": 24.6998227634785,
    "Moment_Back_130": 24.907780321320878,
    "Moment_Back_135": 25.532485430067904,
    "Moment_Back_140": 25.909656941422107,
    "Moment_Back_145": 24.960595273989572,
    "Moment_Back_150": 25.854582760340747,
    "Moment_Back_155": 25.0965445695063,
    "Moment_Back_160": 25.86385516621819,
    "Moment_Back_165": 35.423876355407586,
    "Moment_Back_170": 57.61088821665346,
    "Moment_Back_175": 89.02431197279718,
    "Moment_Back_180": 110.20299033603897,
    "Moment_Back_185": 118.87774883549329,
    "Moment_Back_190": 121.03401539493592,
    "Moment_Back_195": 119.592109572507,
    "Moment_Back_200": 121.90214827215655,
    "Moment_Back_205": 117.53831831079422,
    "Moment_Back_210": 105.24998887417406,
    "Moment_Back_215": 85.37124766657115,
    "Moment_Back_220": 62.39069529080288,
    "Moment_Back_225": 46.02245736996548,
    "Moment_Back_230": 36.50004773120751,
    "Moment_Back_235": 30.771907673752157,
    "Moment_Back_240": 18.982182884805177,
    "Moment_Back_245": 18.82054733112757,
    "Moment_Back_250": 17.577313231818316
}