{
    "Moment_Back_0": 0,
    "Moment_Back_5": 6.653444185353754,
    "Moment_Back_10": 7.220070863491298,
    "Moment_Back_15": 6.8772988696767,
    "Moment_Back_20": 7.792040468097153,
    "Moment_Back_25": 7.6876195117655755,
    "Moment_Back_30": 7.323918680840985,
    "Moment_Back_35": 8.848315648892639,
    "Moment_Back_40": 12.179226810414828,
    "Moment_Back_45": 21.86926008078399,
    "Moment_Back_50": 43.13073150990913,
    "Moment_Back_55": 71.24208261437632,
    "Moment_Back_60": 92.02983950008333,
    "Moment_Back_65": 97.81405588946492,
    "Moment_Back_70": 101.61097638136852,
    "Moment_Back_75": 103.67497907174833,
    "Moment_Back_80": 104.56883400730517,
    "Moment_Back_85": 103.36592234038854,
    "Moment_Back_90": 97.93008023708322,
    "Moment_Back_95": 94.69752963064413,
    "Moment_Back_100": 77.49646650236463,
    "Moment_Back_105": 52.39076233577715,
    "Moment_Back_110": 29.680080061540508,
    "Moment_Back_115": 16.10320545141143,
    "Moment_Back_120": 8.4281440388464,
    "Moment_Back_125": 4.699822763478502,
    "Moment_Back_130": 4.907780321320878,
    "Moment_Back_135": 5.532485430067904,
    "Moment_Back_140": 5.909656941422105,
    "Moment_Back_145": 4.960595273989571,
    "Moment_Back_150": 5.854582760340749,
    "Moment_Back_155": 5.0965445695063,
    "Moment_Back_160": 5.8638551662181895,
    "Moment_Back_165": 15.423876355407586,
    "Moment_Back_170": 37.61088821665346,
    "Moment_Back_175": 69.02431197279718,
    "Moment_Back_180": 90.20299033603897,
    "Moment_Back_185": 98.87774883549329,
    "Moment_Back_190": 101.03401539493592,
    "Moment_Back_195": 99.592109572507,
    "Moment_Back_200": 101.90214827215655,
    "Moment_Back_205": 97.53831831079422,
    "Moment_Back_210": 85.24998887417406,
    "Moment_Back_215": 65.37124766657115,
    "Moment_Back_220": 42.39069529080288,
    "Moment_Back_225": 26.022457369965483,
    "Moment_Back_230": 16.50004773120751,
    "Moment_Back_235": 10.771907673752157,
    "Moment_Back_240": 62.01143780544878,
    "Moment_Back_245": 18.82054733112757,
    "Moment_Back_250": 17.577313231818316
}