{
    "Moment_Frame_0": 0,
    "Moment_Frame_4": 3.347149388349068,
    "Moment_Frame_5": 4.509300248966535,
    "Moment_Frame_6": 3.9093921278398986,
    "Moment_Frame_7": 13.167362811055087,
    "Moment_Frame_8": 4.977335897293006,
    "Moment_Frame_9": 2.38999075747617,
    "Moment_Frame_10": 4.359533546691949,
    "Moment_Frame_11": 3.101637150089949,
    "Moment_Frame_12": 2.0825574681675434,
    "Moment_Frame_13": 4.7502962533451925,
    "Moment_Frame_14": 4.483370572021806,
    "Moment_Frame_15": 7.36746588624194,
    "Moment_Frame_16": 5.621674357988126,
    "Moment_Frame_17": 5.354899497860093,
    "Moment_Frame_18": 10.821879909553994,
    "Moment_Frame_19": 3.1762040357841035,
    "Moment_Frame_20": 3.765569955617886,
    "Moment_Frame_21": 6.211005620250479,
    "Moment_Frame_22": 2.0727084253901595,
    "Moment_Frame_23": 3.774304777276628,
    "Moment_Frame_24": 2.4928086862734347,
    "Moment_Frame_25": 6.572314377624096,
    "Moment_Frame_26": 2.4796770871437297,
    "Moment_Frame_27": 8.860868684256717,
    "Moment_Frame_28": 7.0226645402303305,
    "Moment_Frame_29": 11.370888558177958,
    "Moment_Frame_30": 8.79551540621833,
    "Moment_Frame_31": 8.019530041065515,
    "Moment_Frame_32": 8.799942119998006,
    "Moment_Frame_33": 5.558192201559613,
    "Moment_Frame_34": 14.83449306493334,
    "Moment_Frame_35": 7.668272545575862,
    "Moment_Frame_36": 2.918849320177838,
    "Moment_Frame_37": 4.523587852168382,
    "Moment_Frame_38": 6.7645393819481106,
    "Moment_Frame_39": 5.965723532554186,
    "Moment_Frame_40": 6.629648082231739,
    "Moment_Frame_41": 9.078385518774228,
    "Moment_Frame_42": 23.237375668293375,
    "Moment_Frame_43": 18.420801630668215,
    "Moment_Frame_44": 14.759637098100344,
    "Moment_Frame_45": 13.52646907104231,
    "Moment_Frame_46": 18.19651131261597,
    "Moment_Frame_47": 34.20524086143685,
    "Moment_Frame_48": 39.07827562676133,
    "Moment_Frame_49": 20.686807329550632,
    "Moment_Frame_50": 26.42110656078858,
    "Moment_Frame_51": 24.87820874205479,
    "Moment_Frame_52": 26.996764669500752,
    "Moment_Frame_53": 24.986244056844452,
    "Moment_Frame_54": 16.131896814110547,
    "Moment_Frame_55": 10.157237223612892,
    "Moment_Frame_56": 30.951289851837345,
    "Moment_Frame_57": 29.811353408821628,
    "Moment_Frame_58": 24.37405022434168,
    "Moment_Frame_59": 33.24023443848509,
    "Moment_Frame_60": 16.55125191273377,
    "Moment_Frame_61": 35.72936973779169,
    "Moment_Frame_62": 31.297074122386434,
    "Moment_Frame_63": 8.944901406406192,
    "Moment_Frame_64": 21.14535168204992,
    "Moment_Frame_65": 27.184423113216738,
    "Moment_Frame_66": 18.219757437023244,
    "Moment_Frame_67": 23.801000037527174,
    "Moment_Frame_68": 41.362318331078505,
    "Moment_Frame_69": 35.99716698349294,
    "Moment_Frame_70": 30.36454027410593,
    "Moment_Frame_71": 60.9422914750912,
    "Moment_Frame_72": 33.52197793576515,
    "Moment_Frame_73": 28.07857726594281,
    "Moment_Frame_74": 36.405823858428306,
    "Moment_Frame_75": 39.28441828395556,
    "Moment_Frame_76": 13.147878215876114,
    "Moment_Frame_77": 19.20924609544798,
    "Moment_Frame_78": 17.522094724961065,
    "Moment_Frame_79": 18.132584604316246,
    "Moment_Frame_80": 45.98609675037382,
    "Moment_Frame_81": 25.968412727534147,
    "Moment_Frame_82": 18.158210347168488,
    "Moment_Frame_83": 29.629255383314003,
    "Moment_Frame_84": 29.058387703912928,
    "Moment_Frame_85": 38.11356814597887,
    "Moment_Frame_86": 14.791069693289247,
    "Moment_Frame_87": 55.14326607745839,
    "Moment_Frame_88": 54.93371026562369,
    "Moment_Frame_89": 51.58576823411056,
    "Moment_Frame_90": 88.44136409904186,
    "Moment_Frame_91": 33.2585431624702,
    "Moment_Frame_92": 68.92260531307984,
    "Moment_Frame_93": 28.884626295114124,
    "Moment_Frame_94": 52.097604463420744,
    "Moment_Frame_95": 26.980374442325743,
    "Moment_Frame_96": 30.9107543916927,
    "Moment_Frame_97": 8.013069934556249,
    "Moment_Frame_98": 6.822116593091851,
    "Moment_Frame_99": 40.399097941810524,
    "Moment_Frame_100": 37.0454013364375,
    "Moment_Frame_101": 33.85425463768134,
    "Moment_Frame_102": 38.26204559305347,
    "Moment_Frame_103": 37.21618994240567,
    "Moment_Frame_104": 24.442632650461753,
    "Moment_Frame_105": 19.338927244026333,
    "Moment_Frame_106": 17.765142772908504,
    "Moment_Frame_107": 33.2855865074077,
    "Moment_Frame_108": 34.196458813313924,
    "Moment_Frame_109": 32.39804281725513,
    "Moment_Frame_110": 36.487411302003785,
    "Moment_Frame_111": 35.31064532366517,
    "Moment_Frame_112": 23.102375339255293,
    "Moment_Frame_113": 12.072581746154496,
    "Moment_Frame_114": 20.463883337977556,
    "Moment_Frame_115": 27.97597696404109,
    "Moment_Frame_116": 21.540715469567882,
    "Moment_Frame_117": 20.723314211139943,
    "Moment_Frame_118": 18.765820873437406,
    "Moment_Frame_119": 26.741590131745706,
    "Moment_Frame_120": 23.549550893246685,
    "Moment_Frame_121": 6.5761661023977895,
    "Moment_Frame_122": 15.721078864091032,
    "Moment_Frame_123": 30.024572328215402,
    "Moment_Frame_124": 24.10167429482895,
    "Moment_Frame_125": 22.2649169391271,
    "Moment_Frame_126": 26.915623584380548,
    "Moment_Frame_127": 19.564970574995847,
    "Moment_Frame_128": 21.891848706755752,
    "Moment_Frame_129": 23.589213046339513,
    "Moment_Frame_130": 19.862097467733257,
    "Moment_Frame_131": 22.77820956777273,
    "Moment_Frame_132": 23.517151433684372,
    "Moment_Frame_133": 16.815542601828767,
    "Moment_Frame_134": 22.223644381534342,
    "Moment_Frame_135": 21.382573164742286,
    "Moment_Frame_136": 16.35867939083638,
    "Moment_Frame_137": 18.71890149520366,
    "Moment_Frame_138": 17.601340305019225,
    "Moment_Frame_139": 24.893988658478648,
    "Moment_Frame_140": 14.658108591072134,
    "Moment_Frame_141": 16.219710815748464,
    "Moment_Frame_142": 18.24242718792068,
    "Moment_Frame_143": 21.683837253763297,
    "Moment_Frame_144": 15.075132721905852,
    "Moment_Frame_145": 18.093669576537298,
    "Moment_Frame_146": 15.385749954126485,
    "Moment_Frame_147": 11.190593338793898,
    "Moment_Frame_148": 26.002882821313158,
    "Moment_Frame_149": 14.41715246209714,
    "Moment_Frame_150": 20.26989935218346,
    "Moment_Frame_151": 33.44670661117973,
    "Moment_Frame_152": 21.585976766217573,
    "Moment_Frame_153": 20.575031300130146,
    "Moment_Frame_154": 17.190341398626945,
    "Moment_Frame_155": 14.464264734112005,
    "Moment_Frame_156": 11.73658847337054,
    "Moment_Frame_157": 20.063359845179257,
    "Moment_Frame_158": 22.538700478761434,
    "Moment_Frame_159": 27.783890699196693,
    "Moment_Frame_160": 36.95192892510184,
    "Moment_Frame_161": 24.895719757682475,
    "Moment_Frame_162": 11.184943433106453,
    "Moment_Frame_163": 22.63616461233631,
    "Moment_Frame_164": 22.081669864686557,
    "Moment_Frame_165": 3.748677249775818,
    "Moment_Frame_166": 19.81520460120568,
    "Moment_Frame_167": 45.7307754527946,
    "Moment_Frame_168": 42.3506412330398,
    "Moment_Frame_169": 46.37498875579137,
    "Moment_Frame_170": 22.018980003998944,
    "Moment_Frame_171": 20.360161671078018,
    "Moment_Frame_172": 53.30474468739884,
    "Moment_Frame_173": 40.494899126419334,
    "Moment_Frame_174": 16.856874462379217,
    "Moment_Frame_175": 33.94250405972902,
    "Moment_Frame_176": 28.173313769386755,
    "Moment_Frame_177": 34.39765945999384,
    "Moment_Frame_178": 35.1568814899335,
    "Moment_Frame_179": 21.132311853466547,
    "Moment_Frame_180": 10.625771900778002,
    "Moment_Frame_181": 24.15811809617766,
    "Moment_Frame_182": 28.199577427527128,
    "Moment_Frame_183": 24.587611264806927,
    "Moment_Frame_184": 36.20944736580195,
    "Moment_Frame_185": 14.28101618535961,
    "Moment_Frame_186": 19.086072442245626,
    "Moment_Frame_187": 30.186982206118945,
    "Moment_Frame_188": 24.768804205487687,