{
    "Moment_Back_0": 0,
    "Moment_Back_5": 2.1434762903831603,
    "Moment_Back_10": 2.4861130181048843,
    "Moment_Back_15": 2.1656863157735113,
    "Moment_Back_20": 2.4178611086643738,
    "Moment_Back_25": 1.9613753992050098,
    "Moment_Back_30": 2.2910982569610314,
    "Moment_Back_35": 2.96622557149378,
    "Moment_Back_40": 3.9611516286834396,
    "Moment_Back_45": 6.930016049637775,
    "Moment_Back_50": 11.64455736822005,
    "Moment_Back_55": 17.229312392316935,
    "Moment_Back_60": 22.093497953207116,
    "Moment_Back_65": 24.625955696998194,
    "Moment_Back_70": 26.016648130849212,
    "Moment_Back_75": 26.509906449716546,
    "Moment_Back_80": 26.658869638094963,
    "Moment_Back_85": 25.961423146340476,
    "Moment_Back_90": 24.798750411079315,
    "Moment_Back_95": 25.133788754036512,
    "Moment_Back_100": 23.00674425391227,
    "Moment_Back_105": 18.429747053208608,
    "Moment_Back_110": 15.974616925162744,
    "Moment_Back_115": 15.083341821659237,
    "Moment_Back_120": 16.417708381208197,
    "Moment_Back_125": 18.294608681396145,
    "Moment_Back_130": 18.08270316731056,
    "Moment_Back_135": 17.69213537000148,
    "Moment_Back_140": 17.01793706908824,
    "Moment_Back_145": 16.828918262843523,
    "Moment_Back_150": 16.368159044199963,
    "Moment_Back_155": 14.783547339461768,
    "Moment_Back_160": 13.903429775729656,
    "Moment_Back_165": 13.155244022182556,
    "Moment_Back_170": 15.681660684511069,
    "Moment_Back_175": 20.092133862863182,
    "Moment_Back_180": 22.978595000174177,
    "Moment_Back_185": 24.64347333426198,
    "Moment_Back_190": 25.22483389687103,
    "Moment_Back_195": 23.987002555346663,
    "Moment_Back_200": 25.739467019191665,
    "Moment_Back_205": 24.73468931180091,
    "Moment_Back_210": 22.309264122617257,
    "Moment_Back_215": 18.346662974824152,
    "Moment_Back_220": 13.19617718703793,
    "Moment_Back_225": 9.195976210631796,
    "Moment_Back_230": 7.032873258970158,
    "Moment_Back_235": 5.9815491320461
}