{
    "Moment_Frame_0": 0,
    "Moment_Frame_4": 3.305220700211864,
    "Moment_Frame_5": 4.472425543167483,
    "Moment_Frame_6": 3.8470814271194844,
    "Moment_Frame_7": 13.046891105009584,
    "Moment_Frame_8": 4.931916571695094,
    "Moment_Frame_9": 2.382640253100427,
    "Moment_Frame_10": 4.32859087744895,
    "Moment_Frame_11": 3.0759769303354316,
    "Moment_Frame_12": 2.0366408957045423,
    "Moment_Frame_13": 4.705896165349137,
    "Moment_Frame_14": 4.459804127789278,
    "Moment_Frame_15": 7.272773851662668,
    "Moment_Frame_16": 5.562837501576099,
    "Moment_Frame_17": 5.3166991317654535,
    "Moment_Frame_18": 10.724965868681009,
    "Moment_Frame_19": 3.166842708558885,
    "Moment_Frame_20": 3.7408964784049474,
    "Moment_Frame_21": 6.167897228766971,
    "Moment_Frame_22": 2.057143269921531,
    "Moment_Frame_23": 3.739024315685752,
    "Moment_Frame_24": 2.476316861665792,
    "Moment_Frame_25": 6.476562529273574,
    "Moment_Frame_26": 2.4750152740650395,
    "Moment_Frame_27": 8.780624542692115,
    "Moment_Frame_28": 6.961222772630037,
    "Moment_Frame_29": 11.26884426749385,
    "Moment_Frame_30": 8.698625197886297,
    "Moment_Frame_31": 7.953203001254907,
    "Moment_Frame_32": 8.721348149678702,
    "Moment_Frame_33": 5.526271189715442,
    "Moment_Frame_34": 14.692046848270664,
    "Moment_Frame_35": 7.595078083806491,
    "Moment_Frame_36": 2.9212465074446765,
    "Moment_Frame_37": 4.509859411898487,
    "Moment_Frame_38": 6.72791921212471,
    "Moment_Frame_39": 5.923133455096843,
    "Moment_Frame_40": 6.579974582579035,
    "Moment_Frame_41": 9.022965451907904,
    "Moment_Frame_42": 23.034183214847218,
    "Moment_Frame_43": 18.277180300475198,
    "Moment_Frame_44": 14.662803526174148,
    "Moment_Frame_45": 13.449988041891222,
    "Moment_Frame_46": 18.075118855869725,
    "Moment_Frame_47": 33.91678801925218,
    "Moment_Frame_48": 38.74565238694695,
    "Moment_Frame_49": 20.564339846552556,
    "Moment_Frame_50": 26.245995552315364,
    "Moment_Frame_51": 24.740053848474986,
    "Moment_Frame_52": 26.82341318646592,
    "Moment_Frame_53": 24.875227944304502,
    "Moment_Frame_54": 16.047631758977875,
    "Moment_Frame_55": 10.22525613320581,
    "Moment_Frame_56": 30.813022377469434,
    "Moment_Frame_57": 29.667546115791307,
    "Moment_Frame_58": 24.323315786272886,
    "Moment_Frame_59": 33.03975547689961,
    "Moment_Frame_60": 16.613050225071486,
    "Moment_Frame_61": 35.53954436709634,
    "Moment_Frame_62": 31.127187333784818,
    "Moment_Frame_63": 9.09873520264147,
    "Moment_Frame_64": 20.717692869723084,
    "Moment_Frame_65": 26.935129993646107,
    "Moment_Frame_66": 18.201990832345494,
    "Moment_Frame_67": 23.441662435672537,
    "Moment_Frame_68": 40.96594539064197,
    "Moment_Frame_69": 35.85916018033771,
    "Moment_Frame_70": 30.296241287861882,
    "Moment_Frame_71": 60.43526629914088,
    "Moment_Frame_72": 33.26393571774591,
    "Moment_Frame_73": 27.857315869733046,
    "Moment_Frame_74": 36.10272972809686,
    "Moment_Frame_75": 39.08970822173108,
    "Moment_Frame_76": 13.277192244003661,
    "Moment_Frame_77": 19.242121436032015,
    "Moment_Frame_78": 17.562406185977952,
    "Moment_Frame_79": 17.6637316984462,
    "Moment_Frame_80": 45.76405106642274,
    "Moment_Frame_81": 25.866151515541127,
    "Moment_Frame_82": 18.144080606163058,
    "Moment_Frame_83": 29.37034461408957,
    "Moment_Frame_84": 28.981190624472156,
    "Moment_Frame_85": 37.97135386347813,
    "Moment_Frame_86": 14.821465463112123,
    "Moment_Frame_87": 54.664541817786784,
    "Moment_Frame_88": 54.25349057159047,
    "Moment_Frame_89": 51.07133215466729,
    "Moment_Frame_90": 87.4028450934598,
    "Moment_Frame_91": 32.92442552051097,
    "Moment_Frame_92": 68.22462210004926,
    "Moment_Frame_93": 28.83496407051286,
    "Moment_Frame_94": 51.79455591295828,
    "Moment_Frame_95": 26.94264160646665,
    "Moment_Frame_96": 30.713677427288832,
    "Moment_Frame_97": 8.097778363460623,
    "Moment_Frame_98": 6.860537054654017,
    "Moment_Frame_99": 40.185831091145566,
    "Moment_Frame_100": 36.86663004543235,
    "Moment_Frame_101": 33.709098245705576,
    "Moment_Frame_102": 38.047777312667336,
    "Moment_Frame_103": 36.99278809826373,
    "Moment_Frame_104": 24.33855685748245,
    "Moment_Frame_105": 19.328501721465855,
    "Moment_Frame_106": 17.761861276996964,
    "Moment_Frame_107": 33.030371716539705,
    "Moment_Frame_108": 33.98169169624615,
    "Moment_Frame_109": 32.210219167576135,
    "Moment_Frame_110": 36.244154085669884,
    "Moment_Frame_111": 35.08401059170071,
    "Moment_Frame_112": 22.999217688923824,
    "Moment_Frame_113": 12.09549852427399,
    "Moment_Frame_114": 20.397930778835,
    "Moment_Frame_115": 27.827885600655954,
    "Moment_Frame_116": 21.4510225993138,
    "Moment_Frame_117": 20.6603204927147,
    "Moment_Frame_118": 18.727988667641068,
    "Moment_Frame_119": 26.62032895262957,
    "Moment_Frame_120": 23.46388378681351,
    "Moment_Frame_121": 6.650177176799756,
    "Moment_Frame_122": 15.726419361678255,
    "Moment_Frame_123": 29.88564160015782,
    "Moment_Frame_124": 24.03440751927816,
    "Moment_Frame_125": 22.210177993799437,
    "Moment_Frame_126": 26.799221623824284,
    "Moment_Frame_127": 19.535746822460368,
    "Moment_Frame_128": 21.831264365324447,
    "Moment_Frame_129": 23.528588846063677,
    "Moment_Frame_130": 19.83114235844007,
    "Moment_Frame_131": 22.723625489596277,
    "Moment_Frame_132": 23.455097017907622,
    "Moment_Frame_133": 16.77587729534066,
    "Moment_Frame_134": 22.17315351003157,
    "Moment_Frame_135": 21.3378277800851,
    "Moment_Frame_136": 16.361218583412764,
    "Moment_Frame_137": 18.698269175344368,
    "Moment_Frame_138": 17.59769236913722,
    "Moment_Frame_139": 24.80717981926621,
    "Moment_Frame_140": 14.684960385518615,
    "Moment_Frame_141": 16.224576117845764,
    "Moment_Frame_142": 18.22839218893194,
    "Moment_Frame_143": 21.625317213353004,
    "Moment_Frame_144": 15.092499662847707,
    "Moment_Frame_145": 18.077056709691576,
    "Moment_Frame_146": 15.39876658927523,
    "Moment_Frame_147": 11.146268687284786,
    "Moment_Frame_148": 25.896251559457294,
    "Moment_Frame_149": 14.408197013313908,
    "Moment_Frame_150": 20.21705978711826,
    "Moment_Frame_151": 33.24904273477298,
    "Moment_Frame_152": 21.50659812582336,
    "Moment_Frame_153": 20.51818746844253,
    "Moment_Frame_154": 17.165282031869737,
    "Moment_Frame_155": 14.449601990599705,
    "Moment_Frame_156": 11.76393595046313,
    "Moment_Frame_157": 19.997910020694185,
    "Moment_Frame_158": 22.438689813713715,
    "Moment_Frame_159": 27.622484869084467,
    "Moment_Frame_160": 36.6753110632607,
    "Moment_Frame_161": 24.73405154794922,
    "Moment_Frame_162": 11.170807804801626,
    "Moment_Frame_163": 22.529688933799065,
    "Moment_Frame_164": 21.98225789077562,
    "Moment_Frame_165": 3.830733987799386,
    "Moment_Frame_166": 19.746440669347795,
    "Moment_Frame_167": 45.35048104693525,
    "Moment_Frame_168": 42.03997748781925,
    "Moment_Frame_169": 46.025638213872746,
    "Moment_Frame_170": 21.941593553195904,
    "Moment_Frame_171": 20.235222902362484,
    "Moment_Frame_172": 52.89974552858172,
    "Moment_Frame_173": 40.24324992386043,
    "Moment_Frame_174": 16.79966004409487,
    "Moment_Frame_175": 33.778076653927585,
    "Moment_Frame_176": 28.07260606543229,
    "Moment_Frame_177": 34.072649551204464,
    "Moment_Frame_178": 34.947781006591555,
    "Moment_Frame_179": 21.11576102238254,
    "Moment_Frame_180": 10.672314074508206,
    "Moment_Frame_181": 24.139026362016303,
    "Moment_Frame_182": 28.135093019104936,
    "Moment_Frame_183": 24.47754692850202,
    "Moment_Frame_184": 36.06550102702788,
    "Moment_Frame_185": 14.079958630490808,
    "Moment_Frame_186": 18.76315462343119,
    "Moment_Frame_187": 29.907547361016746,
    "Moment_Frame_188": 24.461874803961127,
    "Moment_Frame_189": 10.97836819896987,