{
    "Moment_Back_0": 0,
    "Moment_Back_5": 15.864154495195434,
    "Moment_Back_10": 16.85239013345391,
    "Moment_Back_15": 17.549265956432723,
    "Moment_Back_20": 17.715868524670352,
    "Moment_Back_25": 19.44346350062481,
    "Moment_Back_30": 18.87369733675269,
    "Moment_Back_35": 26.543737025433927,
    "Moment_Back_40": 42.49518123646867,
    "Moment_Back_45": 78.71401384861821,
    "Moment_Back_50": 147.25466136796948,
    "Moment_Back_55": 238.88681397847617,
    "Moment_Back_60": 298.52187980422923,
    "Moment_Back_65": 317.658165561586,
    "Moment_Back_70": 317.84865908019856,
    "Moment_Back_75": 320.31973658742646,
    "Moment_Back_80": 318.02786990391496,
    "Moment_Back_85": 316.83159715619047,
    "Moment_Back_90": 325.13997550174764,
    "Moment_Back_95": 304.37432448020934,
    "Moment_Back_100": 251.05740336823433,
    "Moment_Back_105": 176.85472405963273,
    "Moment_Back_110": 101.10026355709684,
    "Moment_Back_115": 65.58386898566332,
    "Moment_Back_120": 44.6595695273417,
    "Moment_Back_125": 34.45268139349563,
    "Moment_Back_130": 27.6707152724909,
    "Moment_Back_135": 23.708459491276155,
    "Moment_Back_140": 22.238138800673195,
    "Moment_Back_145": 23.184377736701702,
    "Moment_Back_150": 20.248045284794173,
    "Moment_Back_155": 30.04307435712506,
    "Moment_Back_160": 38.21381213967108,
    "Moment_Back_165": 80.16907464964673,
    "Moment_Back_170": 141.66559579929523,
    "Moment_Back_175": 228.11622648267343,
    "Moment_Back_180": 299.1794934789188,
    "Moment_Back_185": 320.4594943597041,
    "Moment_Back_190": 322.97943163189944,
    "Moment_Back_195": 316.72583583901354,
    "Moment_Back_200": 323.68320227078755,
    "Moment_Back_205": 303.644700005647,
    "Moment_Back_210": 270.78463041907463,
    "Moment_Back_215": 200.78945529026362,
    "Moment_Back_220": 129.63715421689216,
    "Moment_Back_225": 86.10594690985235,
    "Moment_Back_230": 50.64986449798415,
    "Moment_Back_235": 31.490653550470896,
    "Moment_Back_240": 18.982182884805177,
    "Moment_Back_245": 18.82054733112757,
    "Moment_Back_250": 17.577313231818316
}