{
    "Moment_Back_0": 0,
    "Moment_Back_5": 98.65344418535375,
    "Moment_Back_10": 99.2200708634913,
    "Moment_Back_15": 98.87729886967671,
    "Moment_Back_20": 99.79204046809716,
    "Moment_Back_25": 99.68761951176558,
    "Moment_Back_30": 99.32391868084099,
    "Moment_Back_35": 100.84831564889264,
    "Moment_Back_40": 104.17922681041483,
    "Moment_Back_45": 113.86926008078399,
    "Moment_Back_50": 135.13073150990914,
    "Moment_Back_55": 163.24208261437633,
    "Moment_Back_60": 184.0298395000833,
    "Moment_Back_65": 189.81405588946492,
    "Moment_Back_70": 193.61097638136852,
    "Moment_Back_75": 195.67497907174834,
    "Moment_Back_80": 196.56883400730516,
    "Moment_Back_85": 195.36592234038852,
    "Moment_Back_90": 189.93008023708322,
    "Moment_Back_95": 186.6975296306441,
    "Moment_Back_100": 169.49646650236463,
    "Moment_Back_105": 144.39076233577714,
    "Moment_Back_110": 121.68008006154051,
    "Moment_Back_115": 108.10320545141143,
    "Moment_Back_120": 100.4281440388464,
    "Moment_Back_125": 96.69982276347851,
    "Moment_Back_130": 96.90778032132087,
    "Moment_Back_135": 97.53248543006791,
    "Moment_Back_140": 97.9096569414221,
    "Moment_Back_145": 96.96059527398957,
    "Moment_Back_150": 97.85458276034075,
    "Moment_Back_155": 97.0965445695063,
    "Moment_Back_160": 97.86385516621819,
    "Moment_Back_165": 107.42387635540759,
    "Moment_Back_170": 129.61088821665345,
    "Moment_Back_175": 161.0243119727972,
    "Moment_Back_180": 182.20299033603897,
    "Moment_Back_185": 190.8777488354933,
    "Moment_Back_190": 193.03401539493592,
    "Moment_Back_195": 191.592109572507,
    "Moment_Back_200": 193.90214827215655,
    "Moment_Back_205": 189.53831831079424,
    "Moment_Back_210": 177.24998887417405,
    "Moment_Back_215": 157.37124766657115,
    "Moment_Back_220": 134.39069529080288,
    "Moment_Back_225": 118.02245736996548,
    "Moment_Back_230": 108.5000477312075,
    "Moment_Back_235": 102.77190767375215,
    "Moment_Back_240": 18.982182884805177,
    "Moment_Back_245": 18.82054733112757,
    "Moment_Back_250": 17.577313231818316
}