{
    "Moment_Shoulder_0": 0,
    "Moment_Shoulder_5": 0.2644647167736144,
    "Moment_Shoulder_10": 0.4267455893292741,
    "Moment_Shoulder_15": 0.424855748522413,
    "Moment_Shoulder_20": 0.38803382642008427,
    "Moment_Shoulder_25": 0.2611840364267161,
    "Moment_Shoulder_30": 0.2779510605802288,
    "Moment_Shoulder_35": 0.20003579849030162,
    "Moment_Shoulder_40": 0.30684114801659235,
    "Moment_Shoulder_45": 0.7247322803152125,
    "Moment_Shoulder_50": 1.655811886602195,
    "Moment_Shoulder_55": 2.758149994940592,
    "Moment_Shoulder_60": 3.089406121493868,
    "Moment_Shoulder_65": 2.340200617947332,
    "Moment_Shoulder_70": 2.741440984020627,
    "Moment_Shoulder_75": 2.8553133355400617,
    "Moment_Shoulder_80": 2.7773255938466055,
    "Moment_Shoulder_85": 2.69738770688725,
    "Moment_Shoulder_90": 2.2828990377366574,
    "Moment_Shoulder_95": 2.341853090518261,
    "Moment_Shoulder_100": 1.8989125403983218,
    "Moment_Shoulder_105": 1.9166384100969345,
    "Moment_Shoulder_110": 3.5286523871243234,
    "Moment_Shoulder_115": 5.812869927508713,
    "Moment_Shoulder_120": 9.725037324692677,
    "Moment_Shoulder_125": 13.529025956472033,
    "Moment_Shoulder_130": 15.143042594857086,
    "Moment_Shoulder_135": 15.583779909311234,
    "Moment_Shoulder_140": 15.359264572788438,
    "Moment_Shoulder_145": 14.57938127340195,
    "Moment_Shoulder_150": 13.468685096266956,
    "Moment_Shoulder_155": 10.723528800434348,
    "Moment_Shoulder_160": 7.5807347268247876,
    "Moment_Shoulder_165": 4.791312645670312,
    "Moment_Shoulder_170": 2.5580360503005632,
    "Moment_Shoulder_175": 1.262028627106839,
    "Moment_Shoulder_180": 1.721294450641187,
    "Moment_Shoulder_185": 1.1183610984965022,
    "Moment_Shoulder_190": 1.8267497096982934,
    "Moment_Shoulder_195": 1.7443671344513965,
    "Moment_Shoulder_200": 2.19642741430748,
    "Moment_Shoulder_205": 1.4957164139602426,
    "Moment_Shoulder_210": 1.556811186023573,
    "Moment_Shoulder_215": 1.118828937240582,
    "Moment_Shoulder_220": 0.6138109045732801,
    "Moment_Shoulder_225": 0.926599470817714,
    "Moment_Shoulder_230": 1.5687997098037603,
    "Moment_Shoulder_235": 1.9640000423830357
}