{
    "Moment_Back_0": 0,
    "Moment_Back_5": 17.171303185440134,
    "Moment_Back_10": 18.635195553441626,
    "Moment_Back_15": 18.699854228223423,
    "Moment_Back_20": 18.902312170607498,
    "Moment_Back_25": 19.981400606162858,
    "Moment_Back_30": 19.714300059171126,
    "Moment_Back_35": 27.414272349743474,
    "Moment_Back_40": 42.42765214178102,
    "Moment_Back_45": 77.18280104063456,
    "Moment_Back_50": 141.4103986942944,
    "Moment_Back_55": 228.21172162301522,
    "Moment_Back_60": 286.02861116047757,
    "Moment_Back_65": 307.85831282346487,
    "Moment_Back_70": 309.26252810558134,
    "Moment_Back_75": 312.0206873465598,
    "Moment_Back_80": 309.5095590347535,
    "Moment_Back_85": 307.582584425602,
    "Moment_Back_90": 315.79479820952287,
    "Moment_Back_95": 296.9195942016318,
    "Moment_Back_100": 5.8907550866619305,
    "Moment_Back_105": 5.702423346143138,
    "Moment_Back_110": 8.394732364362898,
    "Moment_Back_115": 26.51423237866519,
    "Moment_Back_120": 28.774955889893484,
    "Moment_Back_125": 42.689817246139526,
    "Moment_Back_130": 48.851375096827134,
    "Moment_Back_135": 42.88086131566214,
    "Moment_Back_140": 40.567343544380016,
    "Moment_Back_145": 30.628716579554485,
    "Moment_Back_150": 23.445435576039145,
    "Moment_Back_155": 14.146242304933235,
    "Moment_Back_160": 13.704701207260964,
    "Moment_Back_165": 13.26508786403466,
    "Moment_Back_170": 11.361190205449313,
    "Moment_Back_175": 15.03863030311825,
    "Moment_Back_180": 19.928079328412835,
    "Moment_Back_185": 21.003450667493187,
    "Moment_Back_190": 27.8555221132662,
    "Moment_Back_195": 49.79171072854581,
    "Moment_Back_200": 70.01563254363978,
    "Moment_Back_205": 70.025226463515,
    "Moment_Back_210": 71.00520802309231,
    "Moment_Back_215": 72.8441192881392,
    "Moment_Back_220": 61.93922840182741,
    "Moment_Back_225": 40.90732725523336,
    "Moment_Back_230": 22.22016663860358,
    "Moment_Back_235": 12.500460021218482,
    "Moment_Back_240": 18.982182884805177,
    "Moment_Back_245": 18.82054733112757,
    "Moment_Back_250": 17.577313231818316
}