{
    "Moment_Back_0": 0,
    "Moment_Back_5": 4.01255031811225,
    "Moment_Back_10": 0.6589733802636184,
    "Moment_Back_15": 3.0325633469221347,
    "Moment_Back_20": 2.6901522711975563,
    "Moment_Back_25": 9.070195330946138,
    "Moment_Back_30": 12.857680824954102,
    "Moment_Back_35": 17.4999212567771,
    "Moment_Back_40": 20.86238501914462,
    "Moment_Back_45": 21.722569364731832,
    "Moment_Back_50": 19.15610552093748,
    "Moment_Back_55": 17.74563060707337,
    "Moment_Back_60": 20.03749694254314,
    "Moment_Back_65": 19.759012567373723,
    "Moment_Back_70": 18.455277830894026,
    "Moment_Back_75": 22.202215714285895,
    "Moment_Back_80": 24.445623673375756,
    "Moment_Back_85": 28.9190482702782,
    "Moment_Back_90": 34.358701996301754,
    "Moment_Back_95": 40.52843540561977,
    "Moment_Back_100": 42.119658359563765,
    "Moment_Back_105": 44.94096857775948,
    "Moment_Back_110": 47.980560948752455,
    "Moment_Back_115": 49.61089420049187,
    "Moment_Back_120": 50.60344273387669,
    "Moment_Back_125": 56.18508620568545,
    "Moment_Back_130": 54.319555179643764,
    "Moment_Back_135": 55.883175886961084,
    "Moment_Back_140": 57.98585185187007,
    "Moment_Back_145": 56.53941614670954,
    "Moment_Back_150": 57.065114020811166,
    "Moment_Back_155": 58.58049123736898,
    "Moment_Back_160": 60.47061980823097,
    "Moment_Back_165": 61.264266313728776,
    "Moment_Back_170": 58.4164679716265,
    "Moment_Back_175": 58.138018826089365,
    "Moment_Back_180": 57.531076073904046,
    "Moment_Back_185": 64.3964369315617,
    "Moment_Back_190": 63.17734684738263,
    "Moment_Back_195": 60.23469848512522,
    "Moment_Back_200": 60.23329309988187,
    "Moment_Back_205": 63.499907519398015,
    "Moment_Back_210": 64.58967112955347,
    "Moment_Back_215": 64.42412429585181,
    "Moment_Back_220": 64.89758309998518,
    "Moment_Back_225": 57.57450807829437,
    "Moment_Back_230": 55.144476862978024,
    "Moment_Back_235": 61.92336213822175,
    "Moment_Back_240": 62.01143780544878,
    "Moment_Back_245": 18.82054733112757,
    "Moment_Back_250": 17.577313231818316
}