{
    "0": 28.795020582774384,
    "1": 30.48551940830468,
    "2": 28.795020582774384,
    "3": 28.693083798533504,
    "4": 28.795020582774384,
    "5": 28.693083798533504,
    "6": 25.494784543302103,
    "7": 28.693083798533504,
    "8": 28.795020582774384,
    "9": 28.693083798533504,
    "10": 28.795020582774384,
    "11": 28.693083798533504,
    "12": 28.795020582774384,
    "13": 28.693083798533504,
    "14": 28.795020582774384,
    "15": 28.693083798533504,
    "16": 28.795020582774384,
    "17": 26.55677854279063,
    "18": 12.128353916107713,
    "19": 12.026417131866838,
    "20": 12.128353916107713,
    "21": 13.496240117745339,
    "22": 65.11525384259119,
    "1": 30.822321381178845
}