{
    "0": 10.687218454406585,
    "1": 11.215231358055275,
    "2": 11.478376368741765,
    "3": 11.56559390237497,
    "4": 11.712713033527091,
    "5": 10.687218454406585,
    "6": 10.983188973379834,
    "7": 7.967304348359895,
    "8": 21.565593902374967,
    "9": 21.62978727327799,
    "10": 20.687218454406587,
    "11": 21.215231358055277,
    "12": 21.478376368741763,
    "13": 21.565593902374967,
    "14": 21.62978727327799,
    "15": 20.727363968567897,
    "16": 21.112702196325177,
    "17": 21.219130754300345,
    "18": 21.414845326359842,
    "19": 21.71271303352709,
    "20": 20.687218454406587,
    "21": 21.215231358055277,
    "22": 21.478376368741763,
    "23": 21.565593902374967,
    "24": 21.62978727327799,
    "25": 20.687218454406587,
    "26": 21.215231358055277,
    "27": 21.478376368741763,
    "28": 21.565593902374967,
    "29": 21.62978727327799,
    "30": 20.687218454406587,
    "31": 21.215231358055277,
    "32": 21.478376368741763,
    "33": 21.565593902374967,
    "34": 21.62978727327799,
    "35": 20.687218454406587,
    "36": 21.215231358055277,
    "37": 21.478376368741763,
    "38": 21.565593902374967,
    "39": 21.62978727327799,
    "40": 20.687218454406587,
    "41": 21.215231358055277,
    "42": 21.478376368741763,
    "43": 21.565593902374967,
    "44": 21.71271303352709,
    "45": 20.687218454406587,
    "46": 21.215231358055277,
    "47": 21.219130754300345,
    "48": 21.414845326359842,
    "49": 21.71271303352709,
    "50": 20.687218454406587,
    "51": 21.215231358055277,
    "52": 21.478376368741763,
    "53": 21.565593902374967,
    "54": 21.71271303352709,
    "55": 17.547105895285267,
    "6": 10.727363968567898
}